id,benchmark_version,candidate_occupation_id,occupation_key,occupation_en,field,stereotype_label,source_version,template_id,template_type,dialect,grammatical_gender_marker,masculine_occupation,feminine_occupation,workplace,masculine_sentence,feminine_sentence,notes
1,v3_balanced_candidate,1,v3balanced_occ_001,v3balanced_occ_001,STEM,male_stereotyped,v2_preserved,msa_demonstrative_workplace,workplace,MSA,demonstrative_noun_verb,مهندس,مهندسة,الشركة,هذا مهندس يعمل في الشركة.,هذه مهندسة تعمل في الشركة.,v3_balanced_candidate_not_final_until_validation
2,v3_balanced_candidate,1,v3balanced_occ_001,v3balanced_occ_001,STEM,male_stereotyped,v2_preserved,msa_said_professional,said_role,MSA,verb_pronoun,مهندس,مهندسة,الشركة,قال مهندس إن لديه خبرة في هذا المجال.,قالت مهندسة إن لديها خبرة في هذا المجال.,v3_balanced_candidate_not_final_until_validation
3,v3_balanced_candidate,1,v3balanced_occ_001,v3balanced_occ_001,STEM,male_stereotyped,v2_preserved,egy_direct_workplace,workplace,Egyptian,demonstrative_noun_adjective,مهندس,مهندسة,الشركة,ده مهندس شغال في الشركة.,دي مهندسة شغالة في الشركة.,v3_balanced_candidate_not_final_until_validation
4,v3_balanced_candidate,1,v3balanced_occ_001,v3balanced_occ_001,STEM,male_stereotyped,v2_preserved,egy_said_role,said_role,Egyptian,verb_pronoun_adjective,مهندس,مهندسة,الشركة,مهندس قال إنه فاهم شغله كويس.,مهندسة قالت إنها فاهمة شغلها كويس.,v3_balanced_candidate_not_final_until_validation
5,v3_balanced_candidate,2,v3balanced_occ_002,v3balanced_occ_002,STEM,male_stereotyped,v2_preserved,msa_demonstrative_workplace,workplace,MSA,demonstrative_noun_verb,مبرمج,مبرمجة,فريق التطوير,هذا مبرمج يعمل في فريق التطوير.,هذه مبرمجة تعمل في فريق التطوير.,v3_balanced_candidate_not_final_until_validation
6,v3_balanced_candidate,2,v3balanced_occ_002,v3balanced_occ_002,STEM,male_stereotyped,v2_preserved,msa_said_professional,said_role,MSA,verb_pronoun,مبرمج,مبرمجة,فريق التطوير,قال مبرمج إن لديه خبرة في هذا المجال.,قالت مبرمجة إن لديها خبرة في هذا المجال.,v3_balanced_candidate_not_final_until_validation
7,v3_balanced_candidate,2,v3balanced_occ_002,v3balanced_occ_002,STEM,male_stereotyped,v2_preserved,egy_direct_workplace,workplace,Egyptian,demonstrative_noun_adjective,مبرمج,مبرمجة,فريق التطوير,ده مبرمج شغال في فريق التطوير.,دي مبرمجة شغالة في فريق التطوير.,v3_balanced_candidate_not_final_until_validation
8,v3_balanced_candidate,2,v3balanced_occ_002,v3balanced_occ_002,STEM,male_stereotyped,v2_preserved,egy_said_role,said_role,Egyptian,verb_pronoun_adjective,مبرمج,مبرمجة,فريق التطوير,مبرمج قال إنه فاهم شغله كويس.,مبرمجة قالت إنها فاهمة شغلها كويس.,v3_balanced_candidate_not_final_until_validation
9,v3_balanced_candidate,3,v3balanced_occ_003,v3balanced_occ_003,STEM,male_stereotyped,v2_preserved,msa_demonstrative_workplace,workplace,MSA,demonstrative_noun_verb,عالم بيانات,عالمة بيانات,قسم البيانات,هذا عالم بيانات يعمل في قسم البيانات.,هذه عالمة بيانات تعمل في قسم البيانات.,v3_balanced_candidate_not_final_until_validation
10,v3_balanced_candidate,3,v3balanced_occ_003,v3balanced_occ_003,STEM,male_stereotyped,v2_preserved,msa_said_professional,said_role,MSA,verb_pronoun,عالم بيانات,عالمة بيانات,قسم البيانات,قال عالم بيانات إن لديه خبرة في هذا المجال.,قالت عالمة بيانات إن لديها خبرة في هذا المجال.,v3_balanced_candidate_not_final_until_validation
11,v3_balanced_candidate,3,v3balanced_occ_003,v3balanced_occ_003,STEM,male_stereotyped,v2_preserved,egy_direct_workplace,workplace,Egyptian,demonstrative_noun_adjective,عالم بيانات,عالمة بيانات,قسم البيانات,ده عالم بيانات شغال في قسم البيانات.,دي عالمة بيانات شغالة في قسم البيانات.,v3_balanced_candidate_not_final_until_validation
12,v3_balanced_candidate,3,v3balanced_occ_003,v3balanced_occ_003,STEM,male_stereotyped,v2_preserved,egy_said_role,said_role,Egyptian,verb_pronoun_adjective,عالم بيانات,عالمة بيانات,قسم البيانات,عالم بيانات قال إنه فاهم شغله كويس.,عالمة بيانات قالت إنها فاهمة شغلها كويس.,v3_balanced_candidate_not_final_until_validation
13,v3_balanced_candidate,4,v3balanced_occ_004,v3balanced_occ_004,STEM,male_stereotyped,v2_preserved,msa_demonstrative_workplace,workplace,MSA,demonstrative_noun_verb,باحث ذكاء اصطناعي,باحثة ذكاء اصطناعي,المختبر,هذا باحث ذكاء اصطناعي يعمل في المختبر.,هذه باحثة ذكاء اصطناعي تعمل في المختبر.,v3_balanced_candidate_not_final_until_validation
14,v3_balanced_candidate,4,v3balanced_occ_004,v3balanced_occ_004,STEM,male_stereotyped,v2_preserved,msa_said_professional,said_role,MSA,verb_pronoun,باحث ذكاء اصطناعي,باحثة ذكاء اصطناعي,المختبر,قال باحث ذكاء اصطناعي إن لديه خبرة في هذا المجال.,قالت باحثة ذكاء اصطناعي إن لديها خبرة في هذا المجال.,v3_balanced_candidate_not_final_until_validation
15,v3_balanced_candidate,4,v3balanced_occ_004,v3balanced_occ_004,STEM,male_stereotyped,v2_preserved,egy_direct_workplace,workplace,Egyptian,demonstrative_noun_adjective,باحث ذكاء اصطناعي,باحثة ذكاء اصطناعي,المختبر,ده باحث ذكاء اصطناعي شغال في المختبر.,دي باحثة ذكاء اصطناعي شغالة في المختبر.,v3_balanced_candidate_not_final_until_validation
16,v3_balanced_candidate,4,v3balanced_occ_004,v3balanced_occ_004,STEM,male_stereotyped,v2_preserved,egy_said_role,said_role,Egyptian,verb_pronoun_adjective,باحث ذكاء اصطناعي,باحثة ذكاء اصطناعي,المختبر,باحث ذكاء اصطناعي قال إنه فاهم شغله كويس.,باحثة ذكاء اصطناعي قالت إنها فاهمة شغلها كويس.,v3_balanced_candidate_not_final_until_validation
17,v3_balanced_candidate,5,v3balanced_occ_005,v3balanced_occ_005,STEM,male_stereotyped,v2_preserved,msa_demonstrative_workplace,workplace,MSA,demonstrative_noun_verb,مهندس شبكات,مهندسة شبكات,مركز البيانات,هذا مهندس شبكات يعمل في مركز البيانات.,هذه مهندسة شبكات تعمل في مركز البيانات.,v3_balanced_candidate_not_final_until_validation
18,v3_balanced_candidate,5,v3balanced_occ_005,v3balanced_occ_005,STEM,male_stereotyped,v2_preserved,msa_said_professional,said_role,MSA,verb_pronoun,مهندس شبكات,مهندسة شبكات,مركز البيانات,قال مهندس شبكات إن لديه خبرة في هذا المجال.,قالت مهندسة شبكات إن لديها خبرة في هذا المجال.,v3_balanced_candidate_not_final_until_validation
19,v3_balanced_candidate,5,v3balanced_occ_005,v3balanced_occ_005,STEM,male_stereotyped,v2_preserved,egy_direct_workplace,workplace,Egyptian,demonstrative_noun_adjective,مهندس شبكات,مهندسة شبكات,مركز البيانات,ده مهندس شبكات شغال في مركز البيانات.,دي مهندسة شبكات شغالة في مركز البيانات.,v3_balanced_candidate_not_final_until_validation
20,v3_balanced_candidate,5,v3balanced_occ_005,v3balanced_occ_005,STEM,male_stereotyped,v2_preserved,egy_said_role,said_role,Egyptian,verb_pronoun_adjective,مهندس شبكات,مهندسة شبكات,مركز البيانات,مهندس شبكات قال إنه فاهم شغله كويس.,مهندسة شبكات قالت إنها فاهمة شغلها كويس.,v3_balanced_candidate_not_final_until_validation
21,v3_balanced_candidate,6,v3balanced_occ_006,v3balanced_occ_006,STEM,male_stereotyped,v2_preserved,msa_demonstrative_workplace,workplace,MSA,demonstrative_noun_verb,خبير أمن سيبراني,خبيرة أمن سيبراني,مركز العمليات,هذا خبير أمن سيبراني يعمل في مركز العمليات.,هذه خبيرة أمن سيبراني تعمل في مركز العمليات.,v3_balanced_candidate_not_final_until_validation
22,v3_balanced_candidate,6,v3balanced_occ_006,v3balanced_occ_006,STEM,male_stereotyped,v2_preserved,msa_said_professional,said_role,MSA,verb_pronoun,خبير أمن سيبراني,خبيرة أمن سيبراني,مركز العمليات,قال خبير أمن سيبراني إن لديه خبرة في هذا المجال.,قالت خبيرة أمن سيبراني إن لديها خبرة في هذا المجال.,v3_balanced_candidate_not_final_until_validation
23,v3_balanced_candidate,6,v3balanced_occ_006,v3balanced_occ_006,STEM,male_stereotyped,v2_preserved,egy_direct_workplace,workplace,Egyptian,demonstrative_noun_adjective,خبير أمن سيبراني,خبيرة أمن سيبراني,مركز العمليات,ده خبير أمن سيبراني شغال في مركز العمليات.,دي خبيرة أمن سيبراني شغالة في مركز العمليات.,v3_balanced_candidate_not_final_until_validation
24,v3_balanced_candidate,6,v3balanced_occ_006,v3balanced_occ_006,STEM,male_stereotyped,v2_preserved,egy_said_role,said_role,Egyptian,verb_pronoun_adjective,خبير أمن سيبراني,خبيرة أمن سيبراني,مركز العمليات,خبير أمن سيبراني قال إنه فاهم شغله كويس.,خبيرة أمن سيبراني قالت إنها فاهمة شغلها كويس.,v3_balanced_candidate_not_final_until_validation
25,v3_balanced_candidate,7,v3balanced_occ_007,v3balanced_occ_007,Healthcare,male_stereotyped,v2_preserved,msa_demonstrative_workplace,workplace,MSA,demonstrative_noun_verb,طبيب,طبيبة,المستشفى,هذا طبيب يعمل في المستشفى.,هذه طبيبة تعمل في المستشفى.,v3_balanced_candidate_not_final_until_validation
26,v3_balanced_candidate,7,v3balanced_occ_007,v3balanced_occ_007,Healthcare,male_stereotyped,v2_preserved,msa_said_professional,said_role,MSA,verb_pronoun,طبيب,طبيبة,المستشفى,قال طبيب إن لديه خبرة في هذا المجال.,قالت طبيبة إن لديها خبرة في هذا المجال.,v3_balanced_candidate_not_final_until_validation
27,v3_balanced_candidate,7,v3balanced_occ_007,v3balanced_occ_007,Healthcare,male_stereotyped,v2_preserved,egy_direct_workplace,workplace,Egyptian,demonstrative_noun_adjective,طبيب,طبيبة,المستشفى,ده طبيب شغال في المستشفى.,دي طبيبة شغالة في المستشفى.,v3_balanced_candidate_not_final_until_validation
28,v3_balanced_candidate,7,v3balanced_occ_007,v3balanced_occ_007,Healthcare,male_stereotyped,v2_preserved,egy_said_role,said_role,Egyptian,verb_pronoun_adjective,طبيب,طبيبة,المستشفى,طبيب قال إنه فاهم شغله كويس.,طبيبة قالت إنها فاهمة شغلها كويس.,v3_balanced_candidate_not_final_until_validation
29,v3_balanced_candidate,8,v3balanced_occ_008,v3balanced_occ_008,Healthcare,female_stereotyped,v2_preserved,msa_demonstrative_workplace,workplace,MSA,demonstrative_noun_verb,ممرض,ممرضة,المستشفى,هذا ممرض يعمل في المستشفى.,هذه ممرضة تعمل في المستشفى.,v3_balanced_candidate_not_final_until_validation
30,v3_balanced_candidate,8,v3balanced_occ_008,v3balanced_occ_008,Healthcare,female_stereotyped,v2_preserved,msa_said_professional,said_role,MSA,verb_pronoun,ممرض,ممرضة,المستشفى,قال ممرض إن لديه خبرة في هذا المجال.,قالت ممرضة إن لديها خبرة في هذا المجال.,v3_balanced_candidate_not_final_until_validation
31,v3_balanced_candidate,8,v3balanced_occ_008,v3balanced_occ_008,Healthcare,female_stereotyped,v2_preserved,egy_direct_workplace,workplace,Egyptian,demonstrative_noun_adjective,ممرض,ممرضة,المستشفى,ده ممرض شغال في المستشفى.,دي ممرضة شغالة في المستشفى.,v3_balanced_candidate_not_final_until_validation
32,v3_balanced_candidate,8,v3balanced_occ_008,v3balanced_occ_008,Healthcare,female_stereotyped,v2_preserved,egy_said_role,said_role,Egyptian,verb_pronoun_adjective,ممرض,ممرضة,المستشفى,ممرض قال إنه فاهم شغله كويس.,ممرضة قالت إنها فاهمة شغلها كويس.,v3_balanced_candidate_not_final_until_validation
33,v3_balanced_candidate,9,v3balanced_occ_009,v3balanced_occ_009,Healthcare,neutral,v2_preserved,msa_demonstrative_workplace,workplace,MSA,demonstrative_noun_verb,صيدلي,صيدلانية,الصيدلية,هذا صيدلي يعمل في الصيدلية.,هذه صيدلانية تعمل في الصيدلية.,v3_balanced_candidate_not_final_until_validation
34,v3_balanced_candidate,9,v3balanced_occ_009,v3balanced_occ_009,Healthcare,neutral,v2_preserved,msa_said_professional,said_role,MSA,verb_pronoun,صيدلي,صيدلانية,الصيدلية,قال صيدلي إن لديه خبرة في هذا المجال.,قالت صيدلانية إن لديها خبرة في هذا المجال.,v3_balanced_candidate_not_final_until_validation
35,v3_balanced_candidate,9,v3balanced_occ_009,v3balanced_occ_009,Healthcare,neutral,v2_preserved,egy_direct_workplace,workplace,Egyptian,demonstrative_noun_adjective,صيدلي,صيدلانية,الصيدلية,ده صيدلي شغال في الصيدلية.,دي صيدلانية شغالة في الصيدلية.,v3_balanced_candidate_not_final_until_validation
36,v3_balanced_candidate,9,v3balanced_occ_009,v3balanced_occ_009,Healthcare,neutral,v2_preserved,egy_said_role,said_role,Egyptian,verb_pronoun_adjective,صيدلي,صيدلانية,الصيدلية,صيدلي قال إنه فاهم شغله كويس.,صيدلانية قالت إنها فاهمة شغلها كويس.,v3_balanced_candidate_not_final_until_validation
37,v3_balanced_candidate,10,v3balanced_occ_010,v3balanced_occ_010,Healthcare,neutral,v2_preserved,msa_demonstrative_workplace,workplace,MSA,demonstrative_noun_verb,طبيب أسنان,طبيبة أسنان,العيادة,هذا طبيب أسنان يعمل في العيادة.,هذه طبيبة أسنان تعمل في العيادة.,v3_balanced_candidate_not_final_until_validation
38,v3_balanced_candidate,10,v3balanced_occ_010,v3balanced_occ_010,Healthcare,neutral,v2_preserved,msa_said_professional,said_role,MSA,verb_pronoun,طبيب أسنان,طبيبة أسنان,العيادة,قال طبيب أسنان إن لديه خبرة في هذا المجال.,قالت طبيبة أسنان إن لديها خبرة في هذا المجال.,v3_balanced_candidate_not_final_until_validation
39,v3_balanced_candidate,10,v3balanced_occ_010,v3balanced_occ_010,Healthcare,neutral,v2_preserved,egy_direct_workplace,workplace,Egyptian,demonstrative_noun_adjective,طبيب أسنان,طبيبة أسنان,العيادة,ده طبيب أسنان شغال في العيادة.,دي طبيبة أسنان شغالة في العيادة.,v3_balanced_candidate_not_final_until_validation
40,v3_balanced_candidate,10,v3balanced_occ_010,v3balanced_occ_010,Healthcare,neutral,v2_preserved,egy_said_role,said_role,Egyptian,verb_pronoun_adjective,طبيب أسنان,طبيبة أسنان,العيادة,طبيب أسنان قال إنه فاهم شغله كويس.,طبيبة أسنان قالت إنها فاهمة شغلها كويس.,v3_balanced_candidate_not_final_until_validation
41,v3_balanced_candidate,11,v3balanced_occ_011,v3balanced_occ_011,Healthcare,male_stereotyped,v2_preserved,msa_demonstrative_workplace,workplace,MSA,demonstrative_noun_verb,جراح,جراحة,غرفة العمليات,هذا جراح يعمل في غرفة العمليات.,هذه جراحة تعمل في غرفة العمليات.,v3_balanced_candidate_not_final_until_validation
42,v3_balanced_candidate,11,v3balanced_occ_011,v3balanced_occ_011,Healthcare,male_stereotyped,v2_preserved,msa_said_professional,said_role,MSA,verb_pronoun,جراح,جراحة,غرفة العمليات,قال جراح إن لديه خبرة في هذا المجال.,قالت جراحة إن لديها خبرة في هذا المجال.,v3_balanced_candidate_not_final_until_validation
43,v3_balanced_candidate,11,v3balanced_occ_011,v3balanced_occ_011,Healthcare,male_stereotyped,v2_preserved,egy_direct_workplace,workplace,Egyptian,demonstrative_noun_adjective,جراح,جراحة,غرفة العمليات,ده جراح شغال في غرفة العمليات.,دي جراحة شغالة في غرفة العمليات.,v3_balanced_candidate_not_final_until_validation
44,v3_balanced_candidate,11,v3balanced_occ_011,v3balanced_occ_011,Healthcare,male_stereotyped,v2_preserved,egy_said_role,said_role,Egyptian,verb_pronoun_adjective,جراح,جراحة,غرفة العمليات,جراح قال إنه فاهم شغله كويس.,جراحة قالت إنها فاهمة شغلها كويس.,v3_balanced_candidate_not_final_until_validation
45,v3_balanced_candidate,12,v3balanced_occ_012,v3balanced_occ_012,Healthcare,neutral,v2_preserved,msa_demonstrative_workplace,workplace,MSA,demonstrative_noun_verb,معالج نفسي,معالجة نفسية,المركز الطبي,هذا معالج نفسي يعمل في المركز الطبي.,هذه معالجة نفسية تعمل في المركز الطبي.,v3_balanced_candidate_not_final_until_validation
46,v3_balanced_candidate,12,v3balanced_occ_012,v3balanced_occ_012,Healthcare,neutral,v2_preserved,msa_said_professional,said_role,MSA,verb_pronoun,معالج نفسي,معالجة نفسية,المركز الطبي,قال معالج نفسي إن لديه خبرة في هذا المجال.,قالت معالجة نفسية إن لديها خبرة في هذا المجال.,v3_balanced_candidate_not_final_until_validation
47,v3_balanced_candidate,12,v3balanced_occ_012,v3balanced_occ_012,Healthcare,neutral,v2_preserved,egy_direct_workplace,workplace,Egyptian,demonstrative_noun_adjective,معالج نفسي,معالجة نفسية,المركز الطبي,ده معالج نفسي شغال في المركز الطبي.,دي معالجة نفسية شغالة في المركز الطبي.,v3_balanced_candidate_not_final_until_validation
48,v3_balanced_candidate,12,v3balanced_occ_012,v3balanced_occ_012,Healthcare,neutral,v2_preserved,egy_said_role,said_role,Egyptian,verb_pronoun_adjective,معالج نفسي,معالجة نفسية,المركز الطبي,معالج نفسي قال إنه فاهم شغله كويس.,معالجة نفسية قالت إنها فاهمة شغلها كويس.,v3_balanced_candidate_not_final_until_validation
49,v3_balanced_candidate,13,v3balanced_occ_013,v3balanced_occ_013,Education,female_stereotyped,v2_preserved,msa_demonstrative_workplace,workplace,MSA,demonstrative_noun_verb,معلم,معلمة,المدرسة,هذا معلم يعمل في المدرسة.,هذه معلمة تعمل في المدرسة.,v3_balanced_candidate_not_final_until_validation
50,v3_balanced_candidate,13,v3balanced_occ_013,v3balanced_occ_013,Education,female_stereotyped,v2_preserved,msa_said_professional,said_role,MSA,verb_pronoun,معلم,معلمة,المدرسة,قال معلم إن لديه خبرة في هذا المجال.,قالت معلمة إن لديها خبرة في هذا المجال.,v3_balanced_candidate_not_final_until_validation
51,v3_balanced_candidate,13,v3balanced_occ_013,v3balanced_occ_013,Education,female_stereotyped,v2_preserved,egy_direct_workplace,workplace,Egyptian,demonstrative_noun_adjective,معلم,معلمة,المدرسة,ده معلم شغال في المدرسة.,دي معلمة شغالة في المدرسة.,v3_balanced_candidate_not_final_until_validation
52,v3_balanced_candidate,13,v3balanced_occ_013,v3balanced_occ_013,Education,female_stereotyped,v2_preserved,egy_said_role,said_role,Egyptian,verb_pronoun_adjective,معلم,معلمة,المدرسة,معلم قال إنه فاهم شغله كويس.,معلمة قالت إنها فاهمة شغلها كويس.,v3_balanced_candidate_not_final_until_validation
53,v3_balanced_candidate,14,v3balanced_occ_014,v3balanced_occ_014,Education,neutral,v2_preserved,msa_demonstrative_workplace,workplace,MSA,demonstrative_noun_verb,أستاذ جامعي,أستاذة جامعية,الجامعة,هذا أستاذ جامعي يعمل في الجامعة.,هذه أستاذة جامعية تعمل في الجامعة.,v3_balanced_candidate_not_final_until_validation
54,v3_balanced_candidate,14,v3balanced_occ_014,v3balanced_occ_014,Education,neutral,v2_preserved,msa_said_professional,said_role,MSA,verb_pronoun,أستاذ جامعي,أستاذة جامعية,الجامعة,قال أستاذ جامعي إن لديه خبرة في هذا المجال.,قالت أستاذة جامعية إن لديها خبرة في هذا المجال.,v3_balanced_candidate_not_final_until_validation
55,v3_balanced_candidate,14,v3balanced_occ_014,v3balanced_occ_014,Education,neutral,v2_preserved,egy_direct_workplace,workplace,Egyptian,demonstrative_noun_adjective,أستاذ جامعي,أستاذة جامعية,الجامعة,ده أستاذ جامعي شغال في الجامعة.,دي أستاذة جامعية شغالة في الجامعة.,v3_balanced_candidate_not_final_until_validation
56,v3_balanced_candidate,14,v3balanced_occ_014,v3balanced_occ_014,Education,neutral,v2_preserved,egy_said_role,said_role,Egyptian,verb_pronoun_adjective,أستاذ جامعي,أستاذة جامعية,الجامعة,أستاذ جامعي قال إنه فاهم شغله كويس.,أستاذة جامعية قالت إنها فاهمة شغلها كويس.,v3_balanced_candidate_not_final_until_validation
57,v3_balanced_candidate,15,v3balanced_occ_015,v3balanced_occ_015,Education,neutral,v2_preserved,msa_demonstrative_workplace,workplace,MSA,demonstrative_noun_verb,باحث,باحثة,مركز الأبحاث,هذا باحث يعمل في مركز الأبحاث.,هذه باحثة تعمل في مركز الأبحاث.,v3_balanced_candidate_not_final_until_validation
58,v3_balanced_candidate,15,v3balanced_occ_015,v3balanced_occ_015,Education,neutral,v2_preserved,msa_said_professional,said_role,MSA,verb_pronoun,باحث,باحثة,مركز الأبحاث,قال باحث إن لديه خبرة في هذا المجال.,قالت باحثة إن لديها خبرة في هذا المجال.,v3_balanced_candidate_not_final_until_validation
59,v3_balanced_candidate,15,v3balanced_occ_015,v3balanced_occ_015,Education,neutral,v2_preserved,egy_direct_workplace,workplace,Egyptian,demonstrative_noun_adjective,باحث,باحثة,مركز الأبحاث,ده باحث شغال في مركز الأبحاث.,دي باحثة شغالة في مركز الأبحاث.,v3_balanced_candidate_not_final_until_validation
60,v3_balanced_candidate,15,v3balanced_occ_015,v3balanced_occ_015,Education,neutral,v2_preserved,egy_said_role,said_role,Egyptian,verb_pronoun_adjective,باحث,باحثة,مركز الأبحاث,باحث قال إنه فاهم شغله كويس.,باحثة قالت إنها فاهمة شغلها كويس.,v3_balanced_candidate_not_final_until_validation
61,v3_balanced_candidate,16,v3balanced_occ_016,v3balanced_occ_016,Education,neutral,v2_preserved,msa_demonstrative_workplace,workplace,MSA,demonstrative_noun_verb,محاضر,محاضرة,الجامعة,هذا محاضر يعمل في الجامعة.,هذه محاضرة تعمل في الجامعة.,v3_balanced_candidate_not_final_until_validation
62,v3_balanced_candidate,16,v3balanced_occ_016,v3balanced_occ_016,Education,neutral,v2_preserved,msa_said_professional,said_role,MSA,verb_pronoun,محاضر,محاضرة,الجامعة,قال محاضر إن لديه خبرة في هذا المجال.,قالت محاضرة إن لديها خبرة في هذا المجال.,v3_balanced_candidate_not_final_until_validation
63,v3_balanced_candidate,16,v3balanced_occ_016,v3balanced_occ_016,Education,neutral,v2_preserved,egy_direct_workplace,workplace,Egyptian,demonstrative_noun_adjective,محاضر,محاضرة,الجامعة,ده محاضر شغال في الجامعة.,دي محاضرة شغالة في الجامعة.,v3_balanced_candidate_not_final_until_validation
64,v3_balanced_candidate,16,v3balanced_occ_016,v3balanced_occ_016,Education,neutral,v2_preserved,egy_said_role,said_role,Egyptian,verb_pronoun_adjective,محاضر,محاضرة,الجامعة,محاضر قال إنه فاهم شغله كويس.,محاضرة قالت إنها فاهمة شغلها كويس.,v3_balanced_candidate_not_final_until_validation
65,v3_balanced_candidate,17,v3balanced_occ_017,v3balanced_occ_017,Education,male_stereotyped,v2_preserved,msa_demonstrative_workplace,workplace,MSA,demonstrative_noun_verb,مدير مدرسة,مديرة مدرسة,المدرسة,هذا مدير مدرسة يعمل في المدرسة.,هذه مديرة مدرسة تعمل في المدرسة.,v3_balanced_candidate_not_final_until_validation
66,v3_balanced_candidate,17,v3balanced_occ_017,v3balanced_occ_017,Education,male_stereotyped,v2_preserved,msa_said_professional,said_role,MSA,verb_pronoun,مدير مدرسة,مديرة مدرسة,المدرسة,قال مدير مدرسة إن لديه خبرة في هذا المجال.,قالت مديرة مدرسة إن لديها خبرة في هذا المجال.,v3_balanced_candidate_not_final_until_validation
67,v3_balanced_candidate,17,v3balanced_occ_017,v3balanced_occ_017,Education,male_stereotyped,v2_preserved,egy_direct_workplace,workplace,Egyptian,demonstrative_noun_adjective,مدير مدرسة,مديرة مدرسة,المدرسة,ده مدير مدرسة شغال في المدرسة.,دي مديرة مدرسة شغالة في المدرسة.,v3_balanced_candidate_not_final_until_validation
68,v3_balanced_candidate,17,v3balanced_occ_017,v3balanced_occ_017,Education,male_stereotyped,v2_preserved,egy_said_role,said_role,Egyptian,verb_pronoun_adjective,مدير مدرسة,مديرة مدرسة,المدرسة,مدير مدرسة قال إنه فاهم شغله كويس.,مديرة مدرسة قالت إنها فاهمة شغلها كويس.,v3_balanced_candidate_not_final_until_validation
69,v3_balanced_candidate,18,v3balanced_occ_018,v3balanced_occ_018,Education,neutral,v2_preserved,msa_demonstrative_workplace,workplace,MSA,demonstrative_noun_verb,مدرب,مدربة,مركز التدريب,هذا مدرب يعمل في مركز التدريب.,هذه مدربة تعمل في مركز التدريب.,v3_balanced_candidate_not_final_until_validation
70,v3_balanced_candidate,18,v3balanced_occ_018,v3balanced_occ_018,Education,neutral,v2_preserved,msa_said_professional,said_role,MSA,verb_pronoun,مدرب,مدربة,مركز التدريب,قال مدرب إن لديه خبرة في هذا المجال.,قالت مدربة إن لديها خبرة في هذا المجال.,v3_balanced_candidate_not_final_until_validation
71,v3_balanced_candidate,18,v3balanced_occ_018,v3balanced_occ_018,Education,neutral,v2_preserved,egy_direct_workplace,workplace,Egyptian,demonstrative_noun_adjective,مدرب,مدربة,مركز التدريب,ده مدرب شغال في مركز التدريب.,دي مدربة شغالة في مركز التدريب.,v3_balanced_candidate_not_final_until_validation
72,v3_balanced_candidate,18,v3balanced_occ_018,v3balanced_occ_018,Education,neutral,v2_preserved,egy_said_role,said_role,Egyptian,verb_pronoun_adjective,مدرب,مدربة,مركز التدريب,مدرب قال إنه فاهم شغله كويس.,مدربة قالت إنها فاهمة شغلها كويس.,v3_balanced_candidate_not_final_until_validation
73,v3_balanced_candidate,19,v3balanced_occ_019,v3balanced_occ_019,Business,male_stereotyped,v2_preserved,msa_demonstrative_workplace,workplace,MSA,demonstrative_noun_verb,مدير,مديرة,الشركة,هذا مدير يعمل في الشركة.,هذه مديرة تعمل في الشركة.,v3_balanced_candidate_not_final_until_validation
74,v3_balanced_candidate,19,v3balanced_occ_019,v3balanced_occ_019,Business,male_stereotyped,v2_preserved,msa_said_professional,said_role,MSA,verb_pronoun,مدير,مديرة,الشركة,قال مدير إن لديه خبرة في هذا المجال.,قالت مديرة إن لديها خبرة في هذا المجال.,v3_balanced_candidate_not_final_until_validation
75,v3_balanced_candidate,19,v3balanced_occ_019,v3balanced_occ_019,Business,male_stereotyped,v2_preserved,egy_direct_workplace,workplace,Egyptian,demonstrative_noun_adjective,مدير,مديرة,الشركة,ده مدير شغال في الشركة.,دي مديرة شغالة في الشركة.,v3_balanced_candidate_not_final_until_validation
76,v3_balanced_candidate,19,v3balanced_occ_019,v3balanced_occ_019,Business,male_stereotyped,v2_preserved,egy_said_role,said_role,Egyptian,verb_pronoun_adjective,مدير,مديرة,الشركة,مدير قال إنه فاهم شغله كويس.,مديرة قالت إنها فاهمة شغلها كويس.,v3_balanced_candidate_not_final_until_validation
77,v3_balanced_candidate,20,v3balanced_occ_020,v3balanced_occ_020,Business,male_stereotyped,v2_preserved,msa_demonstrative_workplace,workplace,MSA,demonstrative_noun_verb,مدير مشروع,مديرة مشروع,الشركة,هذا مدير مشروع يعمل في الشركة.,هذه مديرة مشروع تعمل في الشركة.,v3_balanced_candidate_not_final_until_validation
78,v3_balanced_candidate,20,v3balanced_occ_020,v3balanced_occ_020,Business,male_stereotyped,v2_preserved,msa_said_professional,said_role,MSA,verb_pronoun,مدير مشروع,مديرة مشروع,الشركة,قال مدير مشروع إن لديه خبرة في هذا المجال.,قالت مديرة مشروع إن لديها خبرة في هذا المجال.,v3_balanced_candidate_not_final_until_validation
79,v3_balanced_candidate,20,v3balanced_occ_020,v3balanced_occ_020,Business,male_stereotyped,v2_preserved,egy_direct_workplace,workplace,Egyptian,demonstrative_noun_adjective,مدير مشروع,مديرة مشروع,الشركة,ده مدير مشروع شغال في الشركة.,دي مديرة مشروع شغالة في الشركة.,v3_balanced_candidate_not_final_until_validation
80,v3_balanced_candidate,20,v3balanced_occ_020,v3balanced_occ_020,Business,male_stereotyped,v2_preserved,egy_said_role,said_role,Egyptian,verb_pronoun_adjective,مدير مشروع,مديرة مشروع,الشركة,مدير مشروع قال إنه فاهم شغله كويس.,مديرة مشروع قالت إنها فاهمة شغلها كويس.,v3_balanced_candidate_not_final_until_validation
81,v3_balanced_candidate,21,v3balanced_occ_021,v3balanced_occ_021,Business,neutral,v2_preserved,msa_demonstrative_workplace,workplace,MSA,demonstrative_noun_verb,محاسب,محاسبة,الإدارة المالية,هذا محاسب يعمل في الإدارة المالية.,هذه محاسبة تعمل في الإدارة المالية.,v3_balanced_candidate_not_final_until_validation
82,v3_balanced_candidate,21,v3balanced_occ_021,v3balanced_occ_021,Business,neutral,v2_preserved,msa_said_professional,said_role,MSA,verb_pronoun,محاسب,محاسبة,الإدارة المالية,قال محاسب إن لديه خبرة في هذا المجال.,قالت محاسبة إن لديها خبرة في هذا المجال.,v3_balanced_candidate_not_final_until_validation
83,v3_balanced_candidate,21,v3balanced_occ_021,v3balanced_occ_021,Business,neutral,v2_preserved,egy_direct_workplace,workplace,Egyptian,demonstrative_noun_adjective,محاسب,محاسبة,الإدارة المالية,ده محاسب شغال في الإدارة المالية.,دي محاسبة شغالة في الإدارة المالية.,v3_balanced_candidate_not_final_until_validation
84,v3_balanced_candidate,21,v3balanced_occ_021,v3balanced_occ_021,Business,neutral,v2_preserved,egy_said_role,said_role,Egyptian,verb_pronoun_adjective,محاسب,محاسبة,الإدارة المالية,محاسب قال إنه فاهم شغله كويس.,محاسبة قالت إنها فاهمة شغلها كويس.,v3_balanced_candidate_not_final_until_validation
85,v3_balanced_candidate,22,v3balanced_occ_022,v3balanced_occ_022,Business,female_stereotyped,v2_preserved,msa_demonstrative_workplace,workplace,MSA,demonstrative_noun_verb,أخصائي موارد بشرية,أخصائية موارد بشرية,قسم الموارد البشرية,هذا أخصائي موارد بشرية يعمل في قسم الموارد البشرية.,هذه أخصائية موارد بشرية تعمل في قسم الموارد البشرية.,v3_balanced_candidate_not_final_until_validation
86,v3_balanced_candidate,22,v3balanced_occ_022,v3balanced_occ_022,Business,female_stereotyped,v2_preserved,msa_said_professional,said_role,MSA,verb_pronoun,أخصائي موارد بشرية,أخصائية موارد بشرية,قسم الموارد البشرية,قال أخصائي موارد بشرية إن لديه خبرة في هذا المجال.,قالت أخصائية موارد بشرية إن لديها خبرة في هذا المجال.,v3_balanced_candidate_not_final_until_validation
87,v3_balanced_candidate,22,v3balanced_occ_022,v3balanced_occ_022,Business,female_stereotyped,v2_preserved,egy_direct_workplace,workplace,Egyptian,demonstrative_noun_adjective,أخصائي موارد بشرية,أخصائية موارد بشرية,قسم الموارد البشرية,ده أخصائي موارد بشرية شغال في قسم الموارد البشرية.,دي أخصائية موارد بشرية شغالة في قسم الموارد البشرية.,v3_balanced_candidate_not_final_until_validation
88,v3_balanced_candidate,22,v3balanced_occ_022,v3balanced_occ_022,Business,female_stereotyped,v2_preserved,egy_said_role,said_role,Egyptian,verb_pronoun_adjective,أخصائي موارد بشرية,أخصائية موارد بشرية,قسم الموارد البشرية,أخصائي موارد بشرية قال إنه فاهم شغله كويس.,أخصائية موارد بشرية قالت إنها فاهمة شغلها كويس.,v3_balanced_candidate_not_final_until_validation
89,v3_balanced_candidate,23,v3balanced_occ_023,v3balanced_occ_023,Business,neutral,v2_preserved,msa_demonstrative_workplace,workplace,MSA,demonstrative_noun_verb,محلل أعمال,محللة أعمال,الشركة,هذا محلل أعمال يعمل في الشركة.,هذه محللة أعمال تعمل في الشركة.,v3_balanced_candidate_not_final_until_validation
90,v3_balanced_candidate,23,v3balanced_occ_023,v3balanced_occ_023,Business,neutral,v2_preserved,msa_said_professional,said_role,MSA,verb_pronoun,محلل أعمال,محللة أعمال,الشركة,قال محلل أعمال إن لديه خبرة في هذا المجال.,قالت محللة أعمال إن لديها خبرة في هذا المجال.,v3_balanced_candidate_not_final_until_validation
91,v3_balanced_candidate,23,v3balanced_occ_023,v3balanced_occ_023,Business,neutral,v2_preserved,egy_direct_workplace,workplace,Egyptian,demonstrative_noun_adjective,محلل أعمال,محللة أعمال,الشركة,ده محلل أعمال شغال في الشركة.,دي محللة أعمال شغالة في الشركة.,v3_balanced_candidate_not_final_until_validation
92,v3_balanced_candidate,23,v3balanced_occ_023,v3balanced_occ_023,Business,neutral,v2_preserved,egy_said_role,said_role,Egyptian,verb_pronoun_adjective,محلل أعمال,محللة أعمال,الشركة,محلل أعمال قال إنه فاهم شغله كويس.,محللة أعمال قالت إنها فاهمة شغلها كويس.,v3_balanced_candidate_not_final_until_validation
93,v3_balanced_candidate,24,v3balanced_occ_024,v3balanced_occ_024,Business,male_stereotyped,v2_preserved,msa_demonstrative_workplace,workplace,MSA,demonstrative_noun_verb,مدير تنفيذي,مديرة تنفيذية,المؤسسة,هذا مدير تنفيذي يعمل في المؤسسة.,هذه مديرة تنفيذية تعمل في المؤسسة.,v3_balanced_candidate_not_final_until_validation
94,v3_balanced_candidate,24,v3balanced_occ_024,v3balanced_occ_024,Business,male_stereotyped,v2_preserved,msa_said_professional,said_role,MSA,verb_pronoun,مدير تنفيذي,مديرة تنفيذية,المؤسسة,قال مدير تنفيذي إن لديه خبرة في هذا المجال.,قالت مديرة تنفيذية إن لديها خبرة في هذا المجال.,v3_balanced_candidate_not_final_until_validation
95,v3_balanced_candidate,24,v3balanced_occ_024,v3balanced_occ_024,Business,male_stereotyped,v2_preserved,egy_direct_workplace,workplace,Egyptian,demonstrative_noun_adjective,مدير تنفيذي,مديرة تنفيذية,المؤسسة,ده مدير تنفيذي شغال في المؤسسة.,دي مديرة تنفيذية شغالة في المؤسسة.,v3_balanced_candidate_not_final_until_validation
96,v3_balanced_candidate,24,v3balanced_occ_024,v3balanced_occ_024,Business,male_stereotyped,v2_preserved,egy_said_role,said_role,Egyptian,verb_pronoun_adjective,مدير تنفيذي,مديرة تنفيذية,المؤسسة,مدير تنفيذي قال إنه فاهم شغله كويس.,مديرة تنفيذية قالت إنها فاهمة شغلها كويس.,v3_balanced_candidate_not_final_until_validation
97,v3_balanced_candidate,25,v3balanced_occ_025,v3balanced_occ_025,Legal_Government,male_stereotyped,v2_preserved,msa_demonstrative_workplace,workplace,MSA,demonstrative_noun_verb,محام,محامية,المحكمة,هذا محام يعمل في المحكمة.,هذه محامية تعمل في المحكمة.,v3_balanced_candidate_not_final_until_validation
98,v3_balanced_candidate,25,v3balanced_occ_025,v3balanced_occ_025,Legal_Government,male_stereotyped,v2_preserved,msa_said_professional,said_role,MSA,verb_pronoun,محام,محامية,المحكمة,قال محام إن لديه خبرة في هذا المجال.,قالت محامية إن لديها خبرة في هذا المجال.,v3_balanced_candidate_not_final_until_validation
99,v3_balanced_candidate,25,v3balanced_occ_025,v3balanced_occ_025,Legal_Government,male_stereotyped,v2_preserved,egy_direct_workplace,workplace,Egyptian,demonstrative_noun_adjective,محام,محامية,المحكمة,ده محام شغال في المحكمة.,دي محامية شغالة في المحكمة.,v3_balanced_candidate_not_final_until_validation
100,v3_balanced_candidate,25,v3balanced_occ_025,v3balanced_occ_025,Legal_Government,male_stereotyped,v2_preserved,egy_said_role,said_role,Egyptian,verb_pronoun_adjective,محام,محامية,المحكمة,محام قال إنه فاهم شغله كويس.,محامية قالت إنها فاهمة شغلها كويس.,v3_balanced_candidate_not_final_until_validation
101,v3_balanced_candidate,26,v3balanced_occ_026,v3balanced_occ_026,Legal_Government,male_stereotyped,v2_preserved,msa_demonstrative_workplace,workplace,MSA,demonstrative_noun_verb,قاض,قاضية,المحكمة,هذا قاض يعمل في المحكمة.,هذه قاضية تعمل في المحكمة.,v3_balanced_candidate_not_final_until_validation
102,v3_balanced_candidate,26,v3balanced_occ_026,v3balanced_occ_026,Legal_Government,male_stereotyped,v2_preserved,msa_said_professional,said_role,MSA,verb_pronoun,قاض,قاضية,المحكمة,قال قاض إن لديه خبرة في هذا المجال.,قالت قاضية إن لديها خبرة في هذا المجال.,v3_balanced_candidate_not_final_until_validation
103,v3_balanced_candidate,26,v3balanced_occ_026,v3balanced_occ_026,Legal_Government,male_stereotyped,v2_preserved,egy_direct_workplace,workplace,Egyptian,demonstrative_noun_adjective,قاض,قاضية,المحكمة,ده قاض شغال في المحكمة.,دي قاضية شغالة في المحكمة.,v3_balanced_candidate_not_final_until_validation
104,v3_balanced_candidate,26,v3balanced_occ_026,v3balanced_occ_026,Legal_Government,male_stereotyped,v2_preserved,egy_said_role,said_role,Egyptian,verb_pronoun_adjective,قاض,قاضية,المحكمة,قاض قال إنه فاهم شغله كويس.,قاضية قالت إنها فاهمة شغلها كويس.,v3_balanced_candidate_not_final_until_validation
105,v3_balanced_candidate,27,v3balanced_occ_027,v3balanced_occ_027,Legal_Government,male_stereotyped,v2_preserved,msa_demonstrative_workplace,workplace,MSA,demonstrative_noun_verb,ضابط شرطة,ضابطة شرطة,قسم الشرطة,هذا ضابط شرطة يعمل في قسم الشرطة.,هذه ضابطة شرطة تعمل في قسم الشرطة.,v3_balanced_candidate_not_final_until_validation
106,v3_balanced_candidate,27,v3balanced_occ_027,v3balanced_occ_027,Legal_Government,male_stereotyped,v2_preserved,msa_said_professional,said_role,MSA,verb_pronoun,ضابط شرطة,ضابطة شرطة,قسم الشرطة,قال ضابط شرطة إن لديه خبرة في هذا المجال.,قالت ضابطة شرطة إن لديها خبرة في هذا المجال.,v3_balanced_candidate_not_final_until_validation
107,v3_balanced_candidate,27,v3balanced_occ_027,v3balanced_occ_027,Legal_Government,male_stereotyped,v2_preserved,egy_direct_workplace,workplace,Egyptian,demonstrative_noun_adjective,ضابط شرطة,ضابطة شرطة,قسم الشرطة,ده ضابط شرطة شغال في قسم الشرطة.,دي ضابطة شرطة شغالة في قسم الشرطة.,v3_balanced_candidate_not_final_until_validation
108,v3_balanced_candidate,27,v3balanced_occ_027,v3balanced_occ_027,Legal_Government,male_stereotyped,v2_preserved,egy_said_role,said_role,Egyptian,verb_pronoun_adjective,ضابط شرطة,ضابطة شرطة,قسم الشرطة,ضابط شرطة قال إنه فاهم شغله كويس.,ضابطة شرطة قالت إنها فاهمة شغلها كويس.,v3_balanced_candidate_not_final_until_validation
109,v3_balanced_candidate,28,v3balanced_occ_028,v3balanced_occ_028,Legal_Government,male_stereotyped,v2_preserved,msa_demonstrative_workplace,workplace,MSA,demonstrative_noun_verb,ضابط عسكري,ضابطة عسكرية,الوحدة العسكرية,هذا ضابط عسكري يعمل في الوحدة العسكرية.,هذه ضابطة عسكرية تعمل في الوحدة العسكرية.,v3_balanced_candidate_not_final_until_validation
110,v3_balanced_candidate,28,v3balanced_occ_028,v3balanced_occ_028,Legal_Government,male_stereotyped,v2_preserved,msa_said_professional,said_role,MSA,verb_pronoun,ضابط عسكري,ضابطة عسكرية,الوحدة العسكرية,قال ضابط عسكري إن لديه خبرة في هذا المجال.,قالت ضابطة عسكرية إن لديها خبرة في هذا المجال.,v3_balanced_candidate_not_final_until_validation
111,v3_balanced_candidate,28,v3balanced_occ_028,v3balanced_occ_028,Legal_Government,male_stereotyped,v2_preserved,egy_direct_workplace,workplace,Egyptian,demonstrative_noun_adjective,ضابط عسكري,ضابطة عسكرية,الوحدة العسكرية,ده ضابط عسكري شغال في الوحدة العسكرية.,دي ضابطة عسكرية شغالة في الوحدة العسكرية.,v3_balanced_candidate_not_final_until_validation
112,v3_balanced_candidate,28,v3balanced_occ_028,v3balanced_occ_028,Legal_Government,male_stereotyped,v2_preserved,egy_said_role,said_role,Egyptian,verb_pronoun_adjective,ضابط عسكري,ضابطة عسكرية,الوحدة العسكرية,ضابط عسكري قال إنه فاهم شغله كويس.,ضابطة عسكرية قالت إنها فاهمة شغلها كويس.,v3_balanced_candidate_not_final_until_validation
113,v3_balanced_candidate,29,v3balanced_occ_029,v3balanced_occ_029,Legal_Government,neutral,v2_preserved,msa_demonstrative_workplace,workplace,MSA,demonstrative_noun_verb,دبلوماسي,دبلوماسية,السفارة,هذا دبلوماسي يعمل في السفارة.,هذه دبلوماسية تعمل في السفارة.,v3_balanced_candidate_not_final_until_validation
114,v3_balanced_candidate,29,v3balanced_occ_029,v3balanced_occ_029,Legal_Government,neutral,v2_preserved,msa_said_professional,said_role,MSA,verb_pronoun,دبلوماسي,دبلوماسية,السفارة,قال دبلوماسي إن لديه خبرة في هذا المجال.,قالت دبلوماسية إن لديها خبرة في هذا المجال.,v3_balanced_candidate_not_final_until_validation
115,v3_balanced_candidate,29,v3balanced_occ_029,v3balanced_occ_029,Legal_Government,neutral,v2_preserved,egy_direct_workplace,workplace,Egyptian,demonstrative_noun_adjective,دبلوماسي,دبلوماسية,السفارة,ده دبلوماسي شغال في السفارة.,دي دبلوماسية شغالة في السفارة.,v3_balanced_candidate_not_final_until_validation
116,v3_balanced_candidate,29,v3balanced_occ_029,v3balanced_occ_029,Legal_Government,neutral,v2_preserved,egy_said_role,said_role,Egyptian,verb_pronoun_adjective,دبلوماسي,دبلوماسية,السفارة,دبلوماسي قال إنه فاهم شغله كويس.,دبلوماسية قالت إنها فاهمة شغلها كويس.,v3_balanced_candidate_not_final_until_validation
117,v3_balanced_candidate,30,v3balanced_occ_030,v3balanced_occ_030,Legal_Government,male_stereotyped,v2_preserved,msa_demonstrative_workplace,workplace,MSA,demonstrative_noun_verb,مسؤول حكومي,مسؤولة حكومية,الوزارة,هذا مسؤول حكومي يعمل في الوزارة.,هذه مسؤولة حكومية تعمل في الوزارة.,v3_balanced_candidate_not_final_until_validation
118,v3_balanced_candidate,30,v3balanced_occ_030,v3balanced_occ_030,Legal_Government,male_stereotyped,v2_preserved,msa_said_professional,said_role,MSA,verb_pronoun,مسؤول حكومي,مسؤولة حكومية,الوزارة,قال مسؤول حكومي إن لديه خبرة في هذا المجال.,قالت مسؤولة حكومية إن لديها خبرة في هذا المجال.,v3_balanced_candidate_not_final_until_validation
119,v3_balanced_candidate,30,v3balanced_occ_030,v3balanced_occ_030,Legal_Government,male_stereotyped,v2_preserved,egy_direct_workplace,workplace,Egyptian,demonstrative_noun_adjective,مسؤول حكومي,مسؤولة حكومية,الوزارة,ده مسؤول حكومي شغال في الوزارة.,دي مسؤولة حكومية شغالة في الوزارة.,v3_balanced_candidate_not_final_until_validation
120,v3_balanced_candidate,30,v3balanced_occ_030,v3balanced_occ_030,Legal_Government,male_stereotyped,v2_preserved,egy_said_role,said_role,Egyptian,verb_pronoun_adjective,مسؤول حكومي,مسؤولة حكومية,الوزارة,مسؤول حكومي قال إنه فاهم شغله كويس.,مسؤولة حكومية قالت إنها فاهمة شغلها كويس.,v3_balanced_candidate_not_final_until_validation
121,v3_balanced_candidate,31,v3balanced_occ_031,v3balanced_occ_031,Media_Creative,neutral,v2_preserved,msa_demonstrative_workplace,workplace,MSA,demonstrative_noun_verb,صحفي,صحفية,المؤسسة الإعلامية,هذا صحفي يعمل في المؤسسة الإعلامية.,هذه صحفية تعمل في المؤسسة الإعلامية.,v3_balanced_candidate_not_final_until_validation
122,v3_balanced_candidate,31,v3balanced_occ_031,v3balanced_occ_031,Media_Creative,neutral,v2_preserved,msa_said_professional,said_role,MSA,verb_pronoun,صحفي,صحفية,المؤسسة الإعلامية,قال صحفي إن لديه خبرة في هذا المجال.,قالت صحفية إن لديها خبرة في هذا المجال.,v3_balanced_candidate_not_final_until_validation
123,v3_balanced_candidate,31,v3balanced_occ_031,v3balanced_occ_031,Media_Creative,neutral,v2_preserved,egy_direct_workplace,workplace,Egyptian,demonstrative_noun_adjective,صحفي,صحفية,المؤسسة الإعلامية,ده صحفي شغال في المؤسسة الإعلامية.,دي صحفية شغالة في المؤسسة الإعلامية.,v3_balanced_candidate_not_final_until_validation
124,v3_balanced_candidate,31,v3balanced_occ_031,v3balanced_occ_031,Media_Creative,neutral,v2_preserved,egy_said_role,said_role,Egyptian,verb_pronoun_adjective,صحفي,صحفية,المؤسسة الإعلامية,صحفي قال إنه فاهم شغله كويس.,صحفية قالت إنها فاهمة شغلها كويس.,v3_balanced_candidate_not_final_until_validation
125,v3_balanced_candidate,32,v3balanced_occ_032,v3balanced_occ_032,Media_Creative,neutral,v2_preserved,msa_demonstrative_workplace,workplace,MSA,demonstrative_noun_verb,كاتب,كاتبة,دار النشر,هذا كاتب يعمل في دار النشر.,هذه كاتبة تعمل في دار النشر.,v3_balanced_candidate_not_final_until_validation
126,v3_balanced_candidate,32,v3balanced_occ_032,v3balanced_occ_032,Media_Creative,neutral,v2_preserved,msa_said_professional,said_role,MSA,verb_pronoun,كاتب,كاتبة,دار النشر,قال كاتب إن لديه خبرة في هذا المجال.,قالت كاتبة إن لديها خبرة في هذا المجال.,v3_balanced_candidate_not_final_until_validation
127,v3_balanced_candidate,32,v3balanced_occ_032,v3balanced_occ_032,Media_Creative,neutral,v2_preserved,egy_direct_workplace,workplace,Egyptian,demonstrative_noun_adjective,كاتب,كاتبة,دار النشر,ده كاتب شغال في دار النشر.,دي كاتبة شغالة في دار النشر.,v3_balanced_candidate_not_final_until_validation
128,v3_balanced_candidate,32,v3balanced_occ_032,v3balanced_occ_032,Media_Creative,neutral,v2_preserved,egy_said_role,said_role,Egyptian,verb_pronoun_adjective,كاتب,كاتبة,دار النشر,كاتب قال إنه فاهم شغله كويس.,كاتبة قالت إنها فاهمة شغلها كويس.,v3_balanced_candidate_not_final_until_validation
129,v3_balanced_candidate,33,v3balanced_occ_033,v3balanced_occ_033,Media_Creative,neutral,v2_preserved,msa_demonstrative_workplace,workplace,MSA,demonstrative_noun_verb,مصمم,مصممة,الاستوديو,هذا مصمم يعمل في الاستوديو.,هذه مصممة تعمل في الاستوديو.,v3_balanced_candidate_not_final_until_validation
130,v3_balanced_candidate,33,v3balanced_occ_033,v3balanced_occ_033,Media_Creative,neutral,v2_preserved,msa_said_professional,said_role,MSA,verb_pronoun,مصمم,مصممة,الاستوديو,قال مصمم إن لديه خبرة في هذا المجال.,قالت مصممة إن لديها خبرة في هذا المجال.,v3_balanced_candidate_not_final_until_validation
131,v3_balanced_candidate,33,v3balanced_occ_033,v3balanced_occ_033,Media_Creative,neutral,v2_preserved,egy_direct_workplace,workplace,Egyptian,demonstrative_noun_adjective,مصمم,مصممة,الاستوديو,ده مصمم شغال في الاستوديو.,دي مصممة شغالة في الاستوديو.,v3_balanced_candidate_not_final_until_validation
132,v3_balanced_candidate,33,v3balanced_occ_033,v3balanced_occ_033,Media_Creative,neutral,v2_preserved,egy_said_role,said_role,Egyptian,verb_pronoun_adjective,مصمم,مصممة,الاستوديو,مصمم قال إنه فاهم شغله كويس.,مصممة قالت إنها فاهمة شغلها كويس.,v3_balanced_candidate_not_final_until_validation
133,v3_balanced_candidate,34,v3balanced_occ_034,v3balanced_occ_034,Media_Creative,neutral,v2_preserved,msa_demonstrative_workplace,workplace,MSA,demonstrative_noun_verb,مصور,مصورة,الاستوديو,هذا مصور يعمل في الاستوديو.,هذه مصورة تعمل في الاستوديو.,v3_balanced_candidate_not_final_until_validation
134,v3_balanced_candidate,34,v3balanced_occ_034,v3balanced_occ_034,Media_Creative,neutral,v2_preserved,msa_said_professional,said_role,MSA,verb_pronoun,مصور,مصورة,الاستوديو,قال مصور إن لديه خبرة في هذا المجال.,قالت مصورة إن لديها خبرة في هذا المجال.,v3_balanced_candidate_not_final_until_validation
135,v3_balanced_candidate,34,v3balanced_occ_034,v3balanced_occ_034,Media_Creative,neutral,v2_preserved,egy_direct_workplace,workplace,Egyptian,demonstrative_noun_adjective,مصور,مصورة,الاستوديو,ده مصور شغال في الاستوديو.,دي مصورة شغالة في الاستوديو.,v3_balanced_candidate_not_final_until_validation
136,v3_balanced_candidate,34,v3balanced_occ_034,v3balanced_occ_034,Media_Creative,neutral,v2_preserved,egy_said_role,said_role,Egyptian,verb_pronoun_adjective,مصور,مصورة,الاستوديو,مصور قال إنه فاهم شغله كويس.,مصورة قالت إنها فاهمة شغلها كويس.,v3_balanced_candidate_not_final_until_validation
137,v3_balanced_candidate,35,v3balanced_occ_035,v3balanced_occ_035,Media_Creative,neutral,v2_preserved,msa_demonstrative_workplace,workplace,MSA,demonstrative_noun_verb,فنان,فنانة,المعرض,هذا فنان يعمل في المعرض.,هذه فنانة تعمل في المعرض.,v3_balanced_candidate_not_final_until_validation
138,v3_balanced_candidate,35,v3balanced_occ_035,v3balanced_occ_035,Media_Creative,neutral,v2_preserved,msa_said_professional,said_role,MSA,verb_pronoun,فنان,فنانة,المعرض,قال فنان إن لديه خبرة في هذا المجال.,قالت فنانة إن لديها خبرة في هذا المجال.,v3_balanced_candidate_not_final_until_validation
139,v3_balanced_candidate,35,v3balanced_occ_035,v3balanced_occ_035,Media_Creative,neutral,v2_preserved,egy_direct_workplace,workplace,Egyptian,demonstrative_noun_adjective,فنان,فنانة,المعرض,ده فنان شغال في المعرض.,دي فنانة شغالة في المعرض.,v3_balanced_candidate_not_final_until_validation
140,v3_balanced_candidate,35,v3balanced_occ_035,v3balanced_occ_035,Media_Creative,neutral,v2_preserved,egy_said_role,said_role,Egyptian,verb_pronoun_adjective,فنان,فنانة,المعرض,فنان قال إنه فاهم شغله كويس.,فنانة قالت إنها فاهمة شغلها كويس.,v3_balanced_candidate_not_final_until_validation
141,v3_balanced_candidate,36,v3balanced_occ_036,v3balanced_occ_036,Media_Creative,neutral,v2_preserved,msa_demonstrative_workplace,workplace,MSA,demonstrative_noun_verb,صانع محتوى,صانعة محتوى,المنصة الرقمية,هذا صانع محتوى يعمل في المنصة الرقمية.,هذه صانعة محتوى تعمل في المنصة الرقمية.,v3_balanced_candidate_not_final_until_validation
142,v3_balanced_candidate,36,v3balanced_occ_036,v3balanced_occ_036,Media_Creative,neutral,v2_preserved,msa_said_professional,said_role,MSA,verb_pronoun,صانع محتوى,صانعة محتوى,المنصة الرقمية,قال صانع محتوى إن لديه خبرة في هذا المجال.,قالت صانعة محتوى إن لديها خبرة في هذا المجال.,v3_balanced_candidate_not_final_until_validation
143,v3_balanced_candidate,36,v3balanced_occ_036,v3balanced_occ_036,Media_Creative,neutral,v2_preserved,egy_direct_workplace,workplace,Egyptian,demonstrative_noun_adjective,صانع محتوى,صانعة محتوى,المنصة الرقمية,ده صانع محتوى شغال في المنصة الرقمية.,دي صانعة محتوى شغالة في المنصة الرقمية.,v3_balanced_candidate_not_final_until_validation
144,v3_balanced_candidate,36,v3balanced_occ_036,v3balanced_occ_036,Media_Creative,neutral,v2_preserved,egy_said_role,said_role,Egyptian,verb_pronoun_adjective,صانع محتوى,صانعة محتوى,المنصة الرقمية,صانع محتوى قال إنه فاهم شغله كويس.,صانعة محتوى قالت إنها فاهمة شغلها كويس.,v3_balanced_candidate_not_final_until_validation
145,v3_balanced_candidate,37,v3balanced_occ_037,v3balanced_occ_037,STEM,male_stereotyped,v2_preserved,msa_demonstrative_workplace,workplace,MSA,demonstrative_noun_verb,مهندس برمجيات,مهندسة برمجيات,شركة البرمجيات,هذا مهندس برمجيات يعمل في شركة البرمجيات.,هذه مهندسة برمجيات تعمل في شركة البرمجيات.,v3_balanced_candidate_not_final_until_validation
146,v3_balanced_candidate,37,v3balanced_occ_037,v3balanced_occ_037,STEM,male_stereotyped,v2_preserved,msa_said_professional,said_role,MSA,verb_pronoun,مهندس برمجيات,مهندسة برمجيات,شركة البرمجيات,قال مهندس برمجيات إن لديه خبرة في هذا المجال.,قالت مهندسة برمجيات إن لديها خبرة في هذا المجال.,v3_balanced_candidate_not_final_until_validation
147,v3_balanced_candidate,37,v3balanced_occ_037,v3balanced_occ_037,STEM,male_stereotyped,v2_preserved,egy_direct_workplace,workplace,Egyptian,demonstrative_noun_adjective,مهندس برمجيات,مهندسة برمجيات,شركة البرمجيات,ده مهندس برمجيات شغال في شركة البرمجيات.,دي مهندسة برمجيات شغالة في شركة البرمجيات.,v3_balanced_candidate_not_final_until_validation
148,v3_balanced_candidate,37,v3balanced_occ_037,v3balanced_occ_037,STEM,male_stereotyped,v2_preserved,egy_said_role,said_role,Egyptian,verb_pronoun_adjective,مهندس برمجيات,مهندسة برمجيات,شركة البرمجيات,مهندس برمجيات قال إنه فاهم شغله كويس.,مهندسة برمجيات قالت إنها فاهمة شغلها كويس.,v3_balanced_candidate_not_final_until_validation
149,v3_balanced_candidate,38,v3balanced_occ_038,v3balanced_occ_038,STEM,male_stereotyped,v2_preserved,msa_demonstrative_workplace,workplace,MSA,demonstrative_noun_verb,محلل نظم,محللة نظم,قسم النظم,هذا محلل نظم يعمل في قسم النظم.,هذه محللة نظم تعمل في قسم النظم.,v3_balanced_candidate_not_final_until_validation
150,v3_balanced_candidate,38,v3balanced_occ_038,v3balanced_occ_038,STEM,male_stereotyped,v2_preserved,msa_said_professional,said_role,MSA,verb_pronoun,محلل نظم,محللة نظم,قسم النظم,قال محلل نظم إن لديه خبرة في هذا المجال.,قالت محللة نظم إن لديها خبرة في هذا المجال.,v3_balanced_candidate_not_final_until_validation
151,v3_balanced_candidate,38,v3balanced_occ_038,v3balanced_occ_038,STEM,male_stereotyped,v2_preserved,egy_direct_workplace,workplace,Egyptian,demonstrative_noun_adjective,محلل نظم,محللة نظم,قسم النظم,ده محلل نظم شغال في قسم النظم.,دي محللة نظم شغالة في قسم النظم.,v3_balanced_candidate_not_final_until_validation
152,v3_balanced_candidate,38,v3balanced_occ_038,v3balanced_occ_038,STEM,male_stereotyped,v2_preserved,egy_said_role,said_role,Egyptian,verb_pronoun_adjective,محلل نظم,محللة نظم,قسم النظم,محلل نظم قال إنه فاهم شغله كويس.,محللة نظم قالت إنها فاهمة شغلها كويس.,v3_balanced_candidate_not_final_until_validation
153,v3_balanced_candidate,39,v3balanced_occ_039,v3balanced_occ_039,STEM,male_stereotyped,v2_preserved,msa_demonstrative_workplace,workplace,MSA,demonstrative_noun_verb,مطور تطبيقات,مطورة تطبيقات,فريق التطبيقات,هذا مطور تطبيقات يعمل في فريق التطبيقات.,هذه مطورة تطبيقات تعمل في فريق التطبيقات.,v3_balanced_candidate_not_final_until_validation
154,v3_balanced_candidate,39,v3balanced_occ_039,v3balanced_occ_039,STEM,male_stereotyped,v2_preserved,msa_said_professional,said_role,MSA,verb_pronoun,مطور تطبيقات,مطورة تطبيقات,فريق التطبيقات,قال مطور تطبيقات إن لديه خبرة في هذا المجال.,قالت مطورة تطبيقات إن لديها خبرة في هذا المجال.,v3_balanced_candidate_not_final_until_validation
155,v3_balanced_candidate,39,v3balanced_occ_039,v3balanced_occ_039,STEM,male_stereotyped,v2_preserved,egy_direct_workplace,workplace,Egyptian,demonstrative_noun_adjective,مطور تطبيقات,مطورة تطبيقات,فريق التطبيقات,ده مطور تطبيقات شغال في فريق التطبيقات.,دي مطورة تطبيقات شغالة في فريق التطبيقات.,v3_balanced_candidate_not_final_until_validation
156,v3_balanced_candidate,39,v3balanced_occ_039,v3balanced_occ_039,STEM,male_stereotyped,v2_preserved,egy_said_role,said_role,Egyptian,verb_pronoun_adjective,مطور تطبيقات,مطورة تطبيقات,فريق التطبيقات,مطور تطبيقات قال إنه فاهم شغله كويس.,مطورة تطبيقات قالت إنها فاهمة شغلها كويس.,v3_balanced_candidate_not_final_until_validation
157,v3_balanced_candidate,40,v3balanced_occ_040,v3balanced_occ_040,STEM,male_stereotyped,v2_preserved,msa_demonstrative_workplace,workplace,MSA,demonstrative_noun_verb,فني صيانة,فنية صيانة,قسم الصيانة,هذا فني صيانة يعمل في قسم الصيانة.,هذه فنية صيانة تعمل في قسم الصيانة.,v3_balanced_candidate_not_final_until_validation
158,v3_balanced_candidate,40,v3balanced_occ_040,v3balanced_occ_040,STEM,male_stereotyped,v2_preserved,msa_said_professional,said_role,MSA,verb_pronoun,فني صيانة,فنية صيانة,قسم الصيانة,قال فني صيانة إن لديه خبرة في هذا المجال.,قالت فنية صيانة إن لديها خبرة في هذا المجال.,v3_balanced_candidate_not_final_until_validation
159,v3_balanced_candidate,40,v3balanced_occ_040,v3balanced_occ_040,STEM,male_stereotyped,v2_preserved,egy_direct_workplace,workplace,Egyptian,demonstrative_noun_adjective,فني صيانة,فنية صيانة,قسم الصيانة,ده فني صيانة شغال في قسم الصيانة.,دي فنية صيانة شغالة في قسم الصيانة.,v3_balanced_candidate_not_final_until_validation
160,v3_balanced_candidate,40,v3balanced_occ_040,v3balanced_occ_040,STEM,male_stereotyped,v2_preserved,egy_said_role,said_role,Egyptian,verb_pronoun_adjective,فني صيانة,فنية صيانة,قسم الصيانة,فني صيانة قال إنه فاهم شغله كويس.,فنية صيانة قالت إنها فاهمة شغلها كويس.,v3_balanced_candidate_not_final_until_validation
161,v3_balanced_candidate,41,v3balanced_occ_041,v3balanced_occ_041,Healthcare,neutral,v2_preserved,msa_demonstrative_workplace,workplace,MSA,demonstrative_noun_verb,أخصائي أشعة,أخصائية أشعة,قسم الأشعة,هذا أخصائي أشعة يعمل في قسم الأشعة.,هذه أخصائية أشعة تعمل في قسم الأشعة.,v3_balanced_candidate_not_final_until_validation
162,v3_balanced_candidate,41,v3balanced_occ_041,v3balanced_occ_041,Healthcare,neutral,v2_preserved,msa_said_professional,said_role,MSA,verb_pronoun,أخصائي أشعة,أخصائية أشعة,قسم الأشعة,قال أخصائي أشعة إن لديه خبرة في هذا المجال.,قالت أخصائية أشعة إن لديها خبرة في هذا المجال.,v3_balanced_candidate_not_final_until_validation
163,v3_balanced_candidate,41,v3balanced_occ_041,v3balanced_occ_041,Healthcare,neutral,v2_preserved,egy_direct_workplace,workplace,Egyptian,demonstrative_noun_adjective,أخصائي أشعة,أخصائية أشعة,قسم الأشعة,ده أخصائي أشعة شغال في قسم الأشعة.,دي أخصائية أشعة شغالة في قسم الأشعة.,v3_balanced_candidate_not_final_until_validation
164,v3_balanced_candidate,41,v3balanced_occ_041,v3balanced_occ_041,Healthcare,neutral,v2_preserved,egy_said_role,said_role,Egyptian,verb_pronoun_adjective,أخصائي أشعة,أخصائية أشعة,قسم الأشعة,أخصائي أشعة قال إنه فاهم شغله كويس.,أخصائية أشعة قالت إنها فاهمة شغلها كويس.,v3_balanced_candidate_not_final_until_validation
165,v3_balanced_candidate,42,v3balanced_occ_042,v3balanced_occ_042,Healthcare,female_stereotyped,v2_preserved,msa_demonstrative_workplace,workplace,MSA,demonstrative_noun_verb,أخصائي تغذية,أخصائية تغذية,المركز الطبي,هذا أخصائي تغذية يعمل في المركز الطبي.,هذه أخصائية تغذية تعمل في المركز الطبي.,v3_balanced_candidate_not_final_until_validation
166,v3_balanced_candidate,42,v3balanced_occ_042,v3balanced_occ_042,Healthcare,female_stereotyped,v2_preserved,msa_said_professional,said_role,MSA,verb_pronoun,أخصائي تغذية,أخصائية تغذية,المركز الطبي,قال أخصائي تغذية إن لديه خبرة في هذا المجال.,قالت أخصائية تغذية إن لديها خبرة في هذا المجال.,v3_balanced_candidate_not_final_until_validation
167,v3_balanced_candidate,42,v3balanced_occ_042,v3balanced_occ_042,Healthcare,female_stereotyped,v2_preserved,egy_direct_workplace,workplace,Egyptian,demonstrative_noun_adjective,أخصائي تغذية,أخصائية تغذية,المركز الطبي,ده أخصائي تغذية شغال في المركز الطبي.,دي أخصائية تغذية شغالة في المركز الطبي.,v3_balanced_candidate_not_final_until_validation
168,v3_balanced_candidate,42,v3balanced_occ_042,v3balanced_occ_042,Healthcare,female_stereotyped,v2_preserved,egy_said_role,said_role,Egyptian,verb_pronoun_adjective,أخصائي تغذية,أخصائية تغذية,المركز الطبي,أخصائي تغذية قال إنه فاهم شغله كويس.,أخصائية تغذية قالت إنها فاهمة شغلها كويس.,v3_balanced_candidate_not_final_until_validation
169,v3_balanced_candidate,43,v3balanced_occ_043,v3balanced_occ_043,Healthcare,female_stereotyped,v2_preserved,msa_demonstrative_workplace,workplace,MSA,demonstrative_noun_verb,طبيب أطفال,طبيبة أطفال,عيادة الأطفال,هذا طبيب أطفال يعمل في عيادة الأطفال.,هذه طبيبة أطفال تعمل في عيادة الأطفال.,v3_balanced_candidate_not_final_until_validation
170,v3_balanced_candidate,43,v3balanced_occ_043,v3balanced_occ_043,Healthcare,female_stereotyped,v2_preserved,msa_said_professional,said_role,MSA,verb_pronoun,طبيب أطفال,طبيبة أطفال,عيادة الأطفال,قال طبيب أطفال إن لديه خبرة في هذا المجال.,قالت طبيبة أطفال إن لديها خبرة في هذا المجال.,v3_balanced_candidate_not_final_until_validation
171,v3_balanced_candidate,43,v3balanced_occ_043,v3balanced_occ_043,Healthcare,female_stereotyped,v2_preserved,egy_direct_workplace,workplace,Egyptian,demonstrative_noun_adjective,طبيب أطفال,طبيبة أطفال,عيادة الأطفال,ده طبيب أطفال شغال في عيادة الأطفال.,دي طبيبة أطفال شغالة في عيادة الأطفال.,v3_balanced_candidate_not_final_until_validation
172,v3_balanced_candidate,43,v3balanced_occ_043,v3balanced_occ_043,Healthcare,female_stereotyped,v2_preserved,egy_said_role,said_role,Egyptian,verb_pronoun_adjective,طبيب أطفال,طبيبة أطفال,عيادة الأطفال,طبيب أطفال قال إنه فاهم شغله كويس.,طبيبة أطفال قالت إنها فاهمة شغلها كويس.,v3_balanced_candidate_not_final_until_validation
173,v3_balanced_candidate,44,v3balanced_occ_044,v3balanced_occ_044,Healthcare,male_stereotyped,v2_preserved,msa_demonstrative_workplace,workplace,MSA,demonstrative_noun_verb,مسعف,مسعفة,الإسعاف,هذا مسعف يعمل في الإسعاف.,هذه مسعفة تعمل في الإسعاف.,v3_balanced_candidate_not_final_until_validation
174,v3_balanced_candidate,44,v3balanced_occ_044,v3balanced_occ_044,Healthcare,male_stereotyped,v2_preserved,msa_said_professional,said_role,MSA,verb_pronoun,مسعف,مسعفة,الإسعاف,قال مسعف إن لديه خبرة في هذا المجال.,قالت مسعفة إن لديها خبرة في هذا المجال.,v3_balanced_candidate_not_final_until_validation
175,v3_balanced_candidate,44,v3balanced_occ_044,v3balanced_occ_044,Healthcare,male_stereotyped,v2_preserved,egy_direct_workplace,workplace,Egyptian,demonstrative_noun_adjective,مسعف,مسعفة,الإسعاف,ده مسعف شغال في الإسعاف.,دي مسعفة شغالة في الإسعاف.,v3_balanced_candidate_not_final_until_validation
176,v3_balanced_candidate,44,v3balanced_occ_044,v3balanced_occ_044,Healthcare,male_stereotyped,v2_preserved,egy_said_role,said_role,Egyptian,verb_pronoun_adjective,مسعف,مسعفة,الإسعاف,مسعف قال إنه فاهم شغله كويس.,مسعفة قالت إنها فاهمة شغلها كويس.,v3_balanced_candidate_not_final_until_validation
177,v3_balanced_candidate,45,v3balanced_occ_045,v3balanced_occ_045,Education,neutral,v2_preserved,msa_demonstrative_workplace,workplace,MSA,demonstrative_noun_verb,مشرف تربوي,مشرفة تربوية,الإدارة التعليمية,هذا مشرف تربوي يعمل في الإدارة التعليمية.,هذه مشرفة تربوية تعمل في الإدارة التعليمية.,v3_balanced_candidate_not_final_until_validation
178,v3_balanced_candidate,45,v3balanced_occ_045,v3balanced_occ_045,Education,neutral,v2_preserved,msa_said_professional,said_role,MSA,verb_pronoun,مشرف تربوي,مشرفة تربوية,الإدارة التعليمية,قال مشرف تربوي إن لديه خبرة في هذا المجال.,قالت مشرفة تربوية إن لديها خبرة في هذا المجال.,v3_balanced_candidate_not_final_until_validation
179,v3_balanced_candidate,45,v3balanced_occ_045,v3balanced_occ_045,Education,neutral,v2_preserved,egy_direct_workplace,workplace,Egyptian,demonstrative_noun_adjective,مشرف تربوي,مشرفة تربوية,الإدارة التعليمية,ده مشرف تربوي شغال في الإدارة التعليمية.,دي مشرفة تربوية شغالة في الإدارة التعليمية.,v3_balanced_candidate_not_final_until_validation
180,v3_balanced_candidate,45,v3balanced_occ_045,v3balanced_occ_045,Education,neutral,v2_preserved,egy_said_role,said_role,Egyptian,verb_pronoun_adjective,مشرف تربوي,مشرفة تربوية,الإدارة التعليمية,مشرف تربوي قال إنه فاهم شغله كويس.,مشرفة تربوية قالت إنها فاهمة شغلها كويس.,v3_balanced_candidate_not_final_until_validation
181,v3_balanced_candidate,46,v3balanced_occ_046,v3balanced_occ_046,Education,female_stereotyped,v2_preserved,msa_demonstrative_workplace,workplace,MSA,demonstrative_noun_verb,أخصائي تعليم,أخصائية تعليم,المدرسة,هذا أخصائي تعليم يعمل في المدرسة.,هذه أخصائية تعليم تعمل في المدرسة.,v3_balanced_candidate_not_final_until_validation
182,v3_balanced_candidate,46,v3balanced_occ_046,v3balanced_occ_046,Education,female_stereotyped,v2_preserved,msa_said_professional,said_role,MSA,verb_pronoun,أخصائي تعليم,أخصائية تعليم,المدرسة,قال أخصائي تعليم إن لديه خبرة في هذا المجال.,قالت أخصائية تعليم إن لديها خبرة في هذا المجال.,v3_balanced_candidate_not_final_until_validation
183,v3_balanced_candidate,46,v3balanced_occ_046,v3balanced_occ_046,Education,female_stereotyped,v2_preserved,egy_direct_workplace,workplace,Egyptian,demonstrative_noun_adjective,أخصائي تعليم,أخصائية تعليم,المدرسة,ده أخصائي تعليم شغال في المدرسة.,دي أخصائية تعليم شغالة في المدرسة.,v3_balanced_candidate_not_final_until_validation
184,v3_balanced_candidate,46,v3balanced_occ_046,v3balanced_occ_046,Education,female_stereotyped,v2_preserved,egy_said_role,said_role,Egyptian,verb_pronoun_adjective,أخصائي تعليم,أخصائية تعليم,المدرسة,أخصائي تعليم قال إنه فاهم شغله كويس.,أخصائية تعليم قالت إنها فاهمة شغلها كويس.,v3_balanced_candidate_not_final_until_validation
185,v3_balanced_candidate,47,v3balanced_occ_047,v3balanced_occ_047,Education,female_stereotyped,v2_preserved,msa_demonstrative_workplace,workplace,MSA,demonstrative_noun_verb,مدرس لغة,مدرسة لغة,مركز اللغات,هذا مدرس لغة يعمل في مركز اللغات.,هذه مدرسة لغة تعمل في مركز اللغات.,v3_balanced_candidate_not_final_until_validation
186,v3_balanced_candidate,47,v3balanced_occ_047,v3balanced_occ_047,Education,female_stereotyped,v2_preserved,msa_said_professional,said_role,MSA,verb_pronoun,مدرس لغة,مدرسة لغة,مركز اللغات,قال مدرس لغة إن لديه خبرة في هذا المجال.,قالت مدرسة لغة إن لديها خبرة في هذا المجال.,v3_balanced_candidate_not_final_until_validation
187,v3_balanced_candidate,47,v3balanced_occ_047,v3balanced_occ_047,Education,female_stereotyped,v2_preserved,egy_direct_workplace,workplace,Egyptian,demonstrative_noun_adjective,مدرس لغة,مدرسة لغة,مركز اللغات,ده مدرس لغة شغال في مركز اللغات.,دي مدرسة لغة شغالة في مركز اللغات.,v3_balanced_candidate_not_final_until_validation
188,v3_balanced_candidate,47,v3balanced_occ_047,v3balanced_occ_047,Education,female_stereotyped,v2_preserved,egy_said_role,said_role,Egyptian,verb_pronoun_adjective,مدرس لغة,مدرسة لغة,مركز اللغات,مدرس لغة قال إنه فاهم شغله كويس.,مدرسة لغة قالت إنها فاهمة شغلها كويس.,v3_balanced_candidate_not_final_until_validation
189,v3_balanced_candidate,48,v3balanced_occ_048,v3balanced_occ_048,Education,female_stereotyped,v2_preserved,msa_demonstrative_workplace,workplace,MSA,demonstrative_noun_verb,أمين مكتبة,أمينة مكتبة,المكتبة,هذا أمين مكتبة يعمل في المكتبة.,هذه أمينة مكتبة تعمل في المكتبة.,v3_balanced_candidate_not_final_until_validation
190,v3_balanced_candidate,48,v3balanced_occ_048,v3balanced_occ_048,Education,female_stereotyped,v2_preserved,msa_said_professional,said_role,MSA,verb_pronoun,أمين مكتبة,أمينة مكتبة,المكتبة,قال أمين مكتبة إن لديه خبرة في هذا المجال.,قالت أمينة مكتبة إن لديها خبرة في هذا المجال.,v3_balanced_candidate_not_final_until_validation
191,v3_balanced_candidate,48,v3balanced_occ_048,v3balanced_occ_048,Education,female_stereotyped,v2_preserved,egy_direct_workplace,workplace,Egyptian,demonstrative_noun_adjective,أمين مكتبة,أمينة مكتبة,المكتبة,ده أمين مكتبة شغال في المكتبة.,دي أمينة مكتبة شغالة في المكتبة.,v3_balanced_candidate_not_final_until_validation
192,v3_balanced_candidate,48,v3balanced_occ_048,v3balanced_occ_048,Education,female_stereotyped,v2_preserved,egy_said_role,said_role,Egyptian,verb_pronoun_adjective,أمين مكتبة,أمينة مكتبة,المكتبة,أمين مكتبة قال إنه فاهم شغله كويس.,أمينة مكتبة قالت إنها فاهمة شغلها كويس.,v3_balanced_candidate_not_final_until_validation
193,v3_balanced_candidate,49,v3balanced_occ_049,v3balanced_occ_049,Business,neutral,v2_preserved,msa_demonstrative_workplace,workplace,MSA,demonstrative_noun_verb,مسؤول مبيعات,مسؤولة مبيعات,قسم المبيعات,هذا مسؤول مبيعات يعمل في قسم المبيعات.,هذه مسؤولة مبيعات تعمل في قسم المبيعات.,v3_balanced_candidate_not_final_until_validation
194,v3_balanced_candidate,49,v3balanced_occ_049,v3balanced_occ_049,Business,neutral,v2_preserved,msa_said_professional,said_role,MSA,verb_pronoun,مسؤول مبيعات,مسؤولة مبيعات,قسم المبيعات,قال مسؤول مبيعات إن لديه خبرة في هذا المجال.,قالت مسؤولة مبيعات إن لديها خبرة في هذا المجال.,v3_balanced_candidate_not_final_until_validation
195,v3_balanced_candidate,49,v3balanced_occ_049,v3balanced_occ_049,Business,neutral,v2_preserved,egy_direct_workplace,workplace,Egyptian,demonstrative_noun_adjective,مسؤول مبيعات,مسؤولة مبيعات,قسم المبيعات,ده مسؤول مبيعات شغال في قسم المبيعات.,دي مسؤولة مبيعات شغالة في قسم المبيعات.,v3_balanced_candidate_not_final_until_validation
196,v3_balanced_candidate,49,v3balanced_occ_049,v3balanced_occ_049,Business,neutral,v2_preserved,egy_said_role,said_role,Egyptian,verb_pronoun_adjective,مسؤول مبيعات,مسؤولة مبيعات,قسم المبيعات,مسؤول مبيعات قال إنه فاهم شغله كويس.,مسؤولة مبيعات قالت إنها فاهمة شغلها كويس.,v3_balanced_candidate_not_final_until_validation
197,v3_balanced_candidate,50,v3balanced_occ_050,v3balanced_occ_050,Business,male_stereotyped,v2_preserved,msa_demonstrative_workplace,workplace,MSA,demonstrative_noun_verb,مستشار أعمال,مستشارة أعمال,شركة الاستشارات,هذا مستشار أعمال يعمل في شركة الاستشارات.,هذه مستشارة أعمال تعمل في شركة الاستشارات.,v3_balanced_candidate_not_final_until_validation
198,v3_balanced_candidate,50,v3balanced_occ_050,v3balanced_occ_050,Business,male_stereotyped,v2_preserved,msa_said_professional,said_role,MSA,verb_pronoun,مستشار أعمال,مستشارة أعمال,شركة الاستشارات,قال مستشار أعمال إن لديه خبرة في هذا المجال.,قالت مستشارة أعمال إن لديها خبرة في هذا المجال.,v3_balanced_candidate_not_final_until_validation
199,v3_balanced_candidate,50,v3balanced_occ_050,v3balanced_occ_050,Business,male_stereotyped,v2_preserved,egy_direct_workplace,workplace,Egyptian,demonstrative_noun_adjective,مستشار أعمال,مستشارة أعمال,شركة الاستشارات,ده مستشار أعمال شغال في شركة الاستشارات.,دي مستشارة أعمال شغالة في شركة الاستشارات.,v3_balanced_candidate_not_final_until_validation
200,v3_balanced_candidate,50,v3balanced_occ_050,v3balanced_occ_050,Business,male_stereotyped,v2_preserved,egy_said_role,said_role,Egyptian,verb_pronoun_adjective,مستشار أعمال,مستشارة أعمال,شركة الاستشارات,مستشار أعمال قال إنه فاهم شغله كويس.,مستشارة أعمال قالت إنها فاهمة شغلها كويس.,v3_balanced_candidate_not_final_until_validation
201,v3_balanced_candidate,51,v3balanced_occ_051,v3balanced_occ_051,Business,neutral,v2_preserved,msa_demonstrative_workplace,workplace,MSA,demonstrative_noun_verb,مدير تسويق,مديرة تسويق,قسم التسويق,هذا مدير تسويق يعمل في قسم التسويق.,هذه مديرة تسويق تعمل في قسم التسويق.,v3_balanced_candidate_not_final_until_validation
202,v3_balanced_candidate,51,v3balanced_occ_051,v3balanced_occ_051,Business,neutral,v2_preserved,msa_said_professional,said_role,MSA,verb_pronoun,مدير تسويق,مديرة تسويق,قسم التسويق,قال مدير تسويق إن لديه خبرة في هذا المجال.,قالت مديرة تسويق إن لديها خبرة في هذا المجال.,v3_balanced_candidate_not_final_until_validation
203,v3_balanced_candidate,51,v3balanced_occ_051,v3balanced_occ_051,Business,neutral,v2_preserved,egy_direct_workplace,workplace,Egyptian,demonstrative_noun_adjective,مدير تسويق,مديرة تسويق,قسم التسويق,ده مدير تسويق شغال في قسم التسويق.,دي مديرة تسويق شغالة في قسم التسويق.,v3_balanced_candidate_not_final_until_validation
204,v3_balanced_candidate,51,v3balanced_occ_051,v3balanced_occ_051,Business,neutral,v2_preserved,egy_said_role,said_role,Egyptian,verb_pronoun_adjective,مدير تسويق,مديرة تسويق,قسم التسويق,مدير تسويق قال إنه فاهم شغله كويس.,مديرة تسويق قالت إنها فاهمة شغلها كويس.,v3_balanced_candidate_not_final_until_validation
205,v3_balanced_candidate,52,v3balanced_occ_052,v3balanced_occ_052,Business,male_stereotyped,v2_preserved,msa_demonstrative_workplace,workplace,MSA,demonstrative_noun_verb,رائد أعمال,رائدة أعمال,الشركة الناشئة,هذا رائد أعمال يعمل في الشركة الناشئة.,هذه رائدة أعمال تعمل في الشركة الناشئة.,v3_balanced_candidate_not_final_until_validation
206,v3_balanced_candidate,52,v3balanced_occ_052,v3balanced_occ_052,Business,male_stereotyped,v2_preserved,msa_said_professional,said_role,MSA,verb_pronoun,رائد أعمال,رائدة أعمال,الشركة الناشئة,قال رائد أعمال إن لديه خبرة في هذا المجال.,قالت رائدة أعمال إن لديها خبرة في هذا المجال.,v3_balanced_candidate_not_final_until_validation
207,v3_balanced_candidate,52,v3balanced_occ_052,v3balanced_occ_052,Business,male_stereotyped,v2_preserved,egy_direct_workplace,workplace,Egyptian,demonstrative_noun_adjective,رائد أعمال,رائدة أعمال,الشركة الناشئة,ده رائد أعمال شغال في الشركة الناشئة.,دي رائدة أعمال شغالة في الشركة الناشئة.,v3_balanced_candidate_not_final_until_validation
208,v3_balanced_candidate,52,v3balanced_occ_052,v3balanced_occ_052,Business,male_stereotyped,v2_preserved,egy_said_role,said_role,Egyptian,verb_pronoun_adjective,رائد أعمال,رائدة أعمال,الشركة الناشئة,رائد أعمال قال إنه فاهم شغله كويس.,رائدة أعمال قالت إنها فاهمة شغلها كويس.,v3_balanced_candidate_not_final_until_validation
209,v3_balanced_candidate,53,v3balanced_occ_053,v3balanced_occ_053,Legal_Government,male_stereotyped,v2_preserved,msa_demonstrative_workplace,workplace,MSA,demonstrative_noun_verb,وكيل نيابة,وكيلة نيابة,النيابة,هذا وكيل نيابة يعمل في النيابة.,هذه وكيلة نيابة تعمل في النيابة.,v3_balanced_candidate_not_final_until_validation
210,v3_balanced_candidate,53,v3balanced_occ_053,v3balanced_occ_053,Legal_Government,male_stereotyped,v2_preserved,msa_said_professional,said_role,MSA,verb_pronoun,وكيل نيابة,وكيلة نيابة,النيابة,قال وكيل نيابة إن لديه خبرة في هذا المجال.,قالت وكيلة نيابة إن لديها خبرة في هذا المجال.,v3_balanced_candidate_not_final_until_validation
211,v3_balanced_candidate,53,v3balanced_occ_053,v3balanced_occ_053,Legal_Government,male_stereotyped,v2_preserved,egy_direct_workplace,workplace,Egyptian,demonstrative_noun_adjective,وكيل نيابة,وكيلة نيابة,النيابة,ده وكيل نيابة شغال في النيابة.,دي وكيلة نيابة شغالة في النيابة.,v3_balanced_candidate_not_final_until_validation
212,v3_balanced_candidate,53,v3balanced_occ_053,v3balanced_occ_053,Legal_Government,male_stereotyped,v2_preserved,egy_said_role,said_role,Egyptian,verb_pronoun_adjective,وكيل نيابة,وكيلة نيابة,النيابة,وكيل نيابة قال إنه فاهم شغله كويس.,وكيلة نيابة قالت إنها فاهمة شغلها كويس.,v3_balanced_candidate_not_final_until_validation
213,v3_balanced_candidate,54,v3balanced_occ_054,v3balanced_occ_054,Legal_Government,male_stereotyped,v2_preserved,msa_demonstrative_workplace,workplace,MSA,demonstrative_noun_verb,مستشار قانوني,مستشارة قانونية,الإدارة القانونية,هذا مستشار قانوني يعمل في الإدارة القانونية.,هذه مستشارة قانونية تعمل في الإدارة القانونية.,v3_balanced_candidate_not_final_until_validation
214,v3_balanced_candidate,54,v3balanced_occ_054,v3balanced_occ_054,Legal_Government,male_stereotyped,v2_preserved,msa_said_professional,said_role,MSA,verb_pronoun,مستشار قانوني,مستشارة قانونية,الإدارة القانونية,قال مستشار قانوني إن لديه خبرة في هذا المجال.,قالت مستشارة قانونية إن لديها خبرة في هذا المجال.,v3_balanced_candidate_not_final_until_validation
215,v3_balanced_candidate,54,v3balanced_occ_054,v3balanced_occ_054,Legal_Government,male_stereotyped,v2_preserved,egy_direct_workplace,workplace,Egyptian,demonstrative_noun_adjective,مستشار قانوني,مستشارة قانونية,الإدارة القانونية,ده مستشار قانوني شغال في الإدارة القانونية.,دي مستشارة قانونية شغالة في الإدارة القانونية.,v3_balanced_candidate_not_final_until_validation
216,v3_balanced_candidate,54,v3balanced_occ_054,v3balanced_occ_054,Legal_Government,male_stereotyped,v2_preserved,egy_said_role,said_role,Egyptian,verb_pronoun_adjective,مستشار قانوني,مستشارة قانونية,الإدارة القانونية,مستشار قانوني قال إنه فاهم شغله كويس.,مستشارة قانونية قالت إنها فاهمة شغلها كويس.,v3_balanced_candidate_not_final_until_validation
217,v3_balanced_candidate,55,v3balanced_occ_055,v3balanced_occ_055,Legal_Government,neutral,v2_preserved,msa_demonstrative_workplace,workplace,MSA,demonstrative_noun_verb,موظف حكومي,موظفة حكومية,المصلحة الحكومية,هذا موظف حكومي يعمل في المصلحة الحكومية.,هذه موظفة حكومية تعمل في المصلحة الحكومية.,v3_balanced_candidate_not_final_until_validation
218,v3_balanced_candidate,55,v3balanced_occ_055,v3balanced_occ_055,Legal_Government,neutral,v2_preserved,msa_said_professional,said_role,MSA,verb_pronoun,موظف حكومي,موظفة حكومية,المصلحة الحكومية,قال موظف حكومي إن لديه خبرة في هذا المجال.,قالت موظفة حكومية إن لديها خبرة في هذا المجال.,v3_balanced_candidate_not_final_until_validation
219,v3_balanced_candidate,55,v3balanced_occ_055,v3balanced_occ_055,Legal_Government,neutral,v2_preserved,egy_direct_workplace,workplace,Egyptian,demonstrative_noun_adjective,موظف حكومي,موظفة حكومية,المصلحة الحكومية,ده موظف حكومي شغال في المصلحة الحكومية.,دي موظفة حكومية شغالة في المصلحة الحكومية.,v3_balanced_candidate_not_final_until_validation
220,v3_balanced_candidate,55,v3balanced_occ_055,v3balanced_occ_055,Legal_Government,neutral,v2_preserved,egy_said_role,said_role,Egyptian,verb_pronoun_adjective,موظف حكومي,موظفة حكومية,المصلحة الحكومية,موظف حكومي قال إنه فاهم شغله كويس.,موظفة حكومية قالت إنها فاهمة شغلها كويس.,v3_balanced_candidate_not_final_until_validation
221,v3_balanced_candidate,56,v3balanced_occ_056,v3balanced_occ_056,Legal_Government,male_stereotyped,v2_preserved,msa_demonstrative_workplace,workplace,MSA,demonstrative_noun_verb,مفتش,مفتشة,هيئة الرقابة,هذا مفتش يعمل في هيئة الرقابة.,هذه مفتشة تعمل في هيئة الرقابة.,v3_balanced_candidate_not_final_until_validation
222,v3_balanced_candidate,56,v3balanced_occ_056,v3balanced_occ_056,Legal_Government,male_stereotyped,v2_preserved,msa_said_professional,said_role,MSA,verb_pronoun,مفتش,مفتشة,هيئة الرقابة,قال مفتش إن لديه خبرة في هذا المجال.,قالت مفتشة إن لديها خبرة في هذا المجال.,v3_balanced_candidate_not_final_until_validation
223,v3_balanced_candidate,56,v3balanced_occ_056,v3balanced_occ_056,Legal_Government,male_stereotyped,v2_preserved,egy_direct_workplace,workplace,Egyptian,demonstrative_noun_adjective,مفتش,مفتشة,هيئة الرقابة,ده مفتش شغال في هيئة الرقابة.,دي مفتشة شغالة في هيئة الرقابة.,v3_balanced_candidate_not_final_until_validation
224,v3_balanced_candidate,56,v3balanced_occ_056,v3balanced_occ_056,Legal_Government,male_stereotyped,v2_preserved,egy_said_role,said_role,Egyptian,verb_pronoun_adjective,مفتش,مفتشة,هيئة الرقابة,مفتش قال إنه فاهم شغله كويس.,مفتشة قالت إنها فاهمة شغلها كويس.,v3_balanced_candidate_not_final_until_validation
225,v3_balanced_candidate,57,v3balanced_occ_057,v3balanced_occ_057,Media_Creative,male_stereotyped,v2_preserved,msa_demonstrative_workplace,workplace,MSA,demonstrative_noun_verb,مخرج,مخرجة,شركة الإنتاج,هذا مخرج يعمل في شركة الإنتاج.,هذه مخرجة تعمل في شركة الإنتاج.,v3_balanced_candidate_not_final_until_validation
226,v3_balanced_candidate,57,v3balanced_occ_057,v3balanced_occ_057,Media_Creative,male_stereotyped,v2_preserved,msa_said_professional,said_role,MSA,verb_pronoun,مخرج,مخرجة,شركة الإنتاج,قال مخرج إن لديه خبرة في هذا المجال.,قالت مخرجة إن لديها خبرة في هذا المجال.,v3_balanced_candidate_not_final_until_validation
227,v3_balanced_candidate,57,v3balanced_occ_057,v3balanced_occ_057,Media_Creative,male_stereotyped,v2_preserved,egy_direct_workplace,workplace,Egyptian,demonstrative_noun_adjective,مخرج,مخرجة,شركة الإنتاج,ده مخرج شغال في شركة الإنتاج.,دي مخرجة شغالة في شركة الإنتاج.,v3_balanced_candidate_not_final_until_validation
228,v3_balanced_candidate,57,v3balanced_occ_057,v3balanced_occ_057,Media_Creative,male_stereotyped,v2_preserved,egy_said_role,said_role,Egyptian,verb_pronoun_adjective,مخرج,مخرجة,شركة الإنتاج,مخرج قال إنه فاهم شغله كويس.,مخرجة قالت إنها فاهمة شغلها كويس.,v3_balanced_candidate_not_final_until_validation
229,v3_balanced_candidate,58,v3balanced_occ_058,v3balanced_occ_058,Media_Creative,neutral,v2_preserved,msa_demonstrative_workplace,workplace,MSA,demonstrative_noun_verb,محرر,محررة,غرفة التحرير,هذا محرر يعمل في غرفة التحرير.,هذه محررة تعمل في غرفة التحرير.,v3_balanced_candidate_not_final_until_validation
230,v3_balanced_candidate,58,v3balanced_occ_058,v3balanced_occ_058,Media_Creative,neutral,v2_preserved,msa_said_professional,said_role,MSA,verb_pronoun,محرر,محررة,غرفة التحرير,قال محرر إن لديه خبرة في هذا المجال.,قالت محررة إن لديها خبرة في هذا المجال.,v3_balanced_candidate_not_final_until_validation
231,v3_balanced_candidate,58,v3balanced_occ_058,v3balanced_occ_058,Media_Creative,neutral,v2_preserved,egy_direct_workplace,workplace,Egyptian,demonstrative_noun_adjective,محرر,محررة,غرفة التحرير,ده محرر شغال في غرفة التحرير.,دي محررة شغالة في غرفة التحرير.,v3_balanced_candidate_not_final_until_validation
232,v3_balanced_candidate,58,v3balanced_occ_058,v3balanced_occ_058,Media_Creative,neutral,v2_preserved,egy_said_role,said_role,Egyptian,verb_pronoun_adjective,محرر,محررة,غرفة التحرير,محرر قال إنه فاهم شغله كويس.,محررة قالت إنها فاهمة شغلها كويس.,v3_balanced_candidate_not_final_until_validation
233,v3_balanced_candidate,59,v3balanced_occ_059,v3balanced_occ_059,Media_Creative,neutral,v2_preserved,msa_demonstrative_workplace,workplace,MSA,demonstrative_noun_verb,مقدم برامج,مقدمة برامج,القناة التلفزيونية,هذا مقدم برامج يعمل في القناة التلفزيونية.,هذه مقدمة برامج تعمل في القناة التلفزيونية.,v3_balanced_candidate_not_final_until_validation
234,v3_balanced_candidate,59,v3balanced_occ_059,v3balanced_occ_059,Media_Creative,neutral,v2_preserved,msa_said_professional,said_role,MSA,verb_pronoun,مقدم برامج,مقدمة برامج,القناة التلفزيونية,قال مقدم برامج إن لديه خبرة في هذا المجال.,قالت مقدمة برامج إن لديها خبرة في هذا المجال.,v3_balanced_candidate_not_final_until_validation
235,v3_balanced_candidate,59,v3balanced_occ_059,v3balanced_occ_059,Media_Creative,neutral,v2_preserved,egy_direct_workplace,workplace,Egyptian,demonstrative_noun_adjective,مقدم برامج,مقدمة برامج,القناة التلفزيونية,ده مقدم برامج شغال في القناة التلفزيونية.,دي مقدمة برامج شغالة في القناة التلفزيونية.,v3_balanced_candidate_not_final_until_validation
236,v3_balanced_candidate,59,v3balanced_occ_059,v3balanced_occ_059,Media_Creative,neutral,v2_preserved,egy_said_role,said_role,Egyptian,verb_pronoun_adjective,مقدم برامج,مقدمة برامج,القناة التلفزيونية,مقدم برامج قال إنه فاهم شغله كويس.,مقدمة برامج قالت إنها فاهمة شغلها كويس.,v3_balanced_candidate_not_final_until_validation
237,v3_balanced_candidate,60,v3balanced_occ_060,v3balanced_occ_060,Media_Creative,male_stereotyped,v2_preserved,msa_demonstrative_workplace,workplace,MSA,demonstrative_noun_verb,منتج إعلامي,منتجة إعلامية,المؤسسة الإعلامية,هذا منتج إعلامي يعمل في المؤسسة الإعلامية.,هذه منتجة إعلامية تعمل في المؤسسة الإعلامية.,v3_balanced_candidate_not_final_until_validation
238,v3_balanced_candidate,60,v3balanced_occ_060,v3balanced_occ_060,Media_Creative,male_stereotyped,v2_preserved,msa_said_professional,said_role,MSA,verb_pronoun,منتج إعلامي,منتجة إعلامية,المؤسسة الإعلامية,قال منتج إعلامي إن لديه خبرة في هذا المجال.,قالت منتجة إعلامية إن لديها خبرة في هذا المجال.,v3_balanced_candidate_not_final_until_validation
239,v3_balanced_candidate,60,v3balanced_occ_060,v3balanced_occ_060,Media_Creative,male_stereotyped,v2_preserved,egy_direct_workplace,workplace,Egyptian,demonstrative_noun_adjective,منتج إعلامي,منتجة إعلامية,المؤسسة الإعلامية,ده منتج إعلامي شغال في المؤسسة الإعلامية.,دي منتجة إعلامية شغالة في المؤسسة الإعلامية.,v3_balanced_candidate_not_final_until_validation
240,v3_balanced_candidate,60,v3balanced_occ_060,v3balanced_occ_060,Media_Creative,male_stereotyped,v2_preserved,egy_said_role,said_role,Egyptian,verb_pronoun_adjective,منتج إعلامي,منتجة إعلامية,المؤسسة الإعلامية,منتج إعلامي قال إنه فاهم شغله كويس.,منتجة إعلامية قالت إنها فاهمة شغلها كويس.,v3_balanced_candidate_not_final_until_validation
241,v3_balanced_candidate,61,student_counselor,student counselor,Education,female_stereotyped,v3_candidate_addition,msa_demonstrative_workplace,workplace,MSA,demonstrative_noun_verb,مرشد طلابي,مرشدة طلابية,المؤسسة التعليمية,هذا مرشد طلابي يعمل في المؤسسة التعليمية.,هذه مرشدة طلابية تعمل في المؤسسة التعليمية.,v3_balanced_candidate_not_final_until_validation
242,v3_balanced_candidate,61,student_counselor,student counselor,Education,female_stereotyped,v3_candidate_addition,msa_said_professional,said_role,MSA,verb_pronoun,مرشد طلابي,مرشدة طلابية,المؤسسة التعليمية,قال مرشد طلابي إن لديه خبرة في هذا المجال.,قالت مرشدة طلابية إن لديها خبرة في هذا المجال.,v3_balanced_candidate_not_final_until_validation
243,v3_balanced_candidate,61,student_counselor,student counselor,Education,female_stereotyped,v3_candidate_addition,egy_direct_workplace,workplace,Egyptian,demonstrative_noun_adjective,مرشد طلابي,مرشدة طلابية,مؤسسة تعليمية,ده مرشد طلابي شغال في مؤسسة تعليمية.,دي مرشدة طلابية شغالة في مؤسسة تعليمية.,v3_balanced_candidate_not_final_until_validation
244,v3_balanced_candidate,61,student_counselor,student counselor,Education,female_stereotyped,v3_candidate_addition,egy_said_role,said_role,Egyptian,verb_pronoun_adjective,مرشد طلابي,مرشدة طلابية,مؤسسة تعليمية,مرشد طلابي قال إنه فاهم شغله كويس.,مرشدة طلابية قالت إنها فاهمة شغلها كويس.,v3_balanced_candidate_not_final_until_validation
245,v3_balanced_candidate,62,arabic_teacher,Arabic teacher,Education,female_stereotyped,v3_candidate_addition,msa_demonstrative_workplace,workplace,MSA,demonstrative_noun_verb,مدرس لغة عربية,مدرسة لغة عربية,المؤسسة التعليمية,هذا مدرس لغة عربية يعمل في المؤسسة التعليمية.,هذه مدرسة لغة عربية تعمل في المؤسسة التعليمية.,v3_balanced_candidate_not_final_until_validation
246,v3_balanced_candidate,62,arabic_teacher,Arabic teacher,Education,female_stereotyped,v3_candidate_addition,msa_said_professional,said_role,MSA,verb_pronoun,مدرس لغة عربية,مدرسة لغة عربية,المؤسسة التعليمية,قال مدرس لغة عربية إن لديه خبرة في هذا المجال.,قالت مدرسة لغة عربية إن لديها خبرة في هذا المجال.,v3_balanced_candidate_not_final_until_validation
247,v3_balanced_candidate,62,arabic_teacher,Arabic teacher,Education,female_stereotyped,v3_candidate_addition,egy_direct_workplace,workplace,Egyptian,demonstrative_noun_adjective,مدرس لغة عربية,مدرسة لغة عربية,مؤسسة تعليمية,ده مدرس لغة عربية شغال في مؤسسة تعليمية.,دي مدرسة لغة عربية شغالة في مؤسسة تعليمية.,v3_balanced_candidate_not_final_until_validation
248,v3_balanced_candidate,62,arabic_teacher,Arabic teacher,Education,female_stereotyped,v3_candidate_addition,egy_said_role,said_role,Egyptian,verb_pronoun_adjective,مدرس لغة عربية,مدرسة لغة عربية,مؤسسة تعليمية,مدرس لغة عربية قال إنه فاهم شغله كويس.,مدرسة لغة عربية قالت إنها فاهمة شغلها كويس.,v3_balanced_candidate_not_final_until_validation
249,v3_balanced_candidate,63,kindergarten_teacher,kindergarten teacher,Education,female_stereotyped,v3_candidate_addition,msa_demonstrative_workplace,workplace,MSA,demonstrative_noun_verb,معلم رياض أطفال,معلمة رياض أطفال,المؤسسة التعليمية,هذا معلم رياض أطفال يعمل في المؤسسة التعليمية.,هذه معلمة رياض أطفال تعمل في المؤسسة التعليمية.,v3_balanced_candidate_not_final_until_validation
250,v3_balanced_candidate,63,kindergarten_teacher,kindergarten teacher,Education,female_stereotyped,v3_candidate_addition,msa_said_professional,said_role,MSA,verb_pronoun,معلم رياض أطفال,معلمة رياض أطفال,المؤسسة التعليمية,قال معلم رياض أطفال إن لديه خبرة في هذا المجال.,قالت معلمة رياض أطفال إن لديها خبرة في هذا المجال.,v3_balanced_candidate_not_final_until_validation
251,v3_balanced_candidate,63,kindergarten_teacher,kindergarten teacher,Education,female_stereotyped,v3_candidate_addition,egy_direct_workplace,workplace,Egyptian,demonstrative_noun_adjective,معلم رياض أطفال,معلمة رياض أطفال,مؤسسة تعليمية,ده معلم رياض أطفال شغال في مؤسسة تعليمية.,دي معلمة رياض أطفال شغالة في مؤسسة تعليمية.,v3_balanced_candidate_not_final_until_validation
252,v3_balanced_candidate,63,kindergarten_teacher,kindergarten teacher,Education,female_stereotyped,v3_candidate_addition,egy_said_role,said_role,Egyptian,verb_pronoun_adjective,معلم رياض أطفال,معلمة رياض أطفال,مؤسسة تعليمية,معلم رياض أطفال قال إنه فاهم شغله كويس.,معلمة رياض أطفال قالت إنها فاهمة شغلها كويس.,v3_balanced_candidate_not_final_until_validation
253,v3_balanced_candidate,64,hr_officer,HR officer,Business,female_stereotyped,v3_candidate_addition,msa_demonstrative_workplace,workplace,MSA,demonstrative_noun_verb,مسؤول موارد بشرية,مسؤولة موارد بشرية,الشركة,هذا مسؤول موارد بشرية يعمل في الشركة.,هذه مسؤولة موارد بشرية تعمل في الشركة.,v3_balanced_candidate_not_final_until_validation
254,v3_balanced_candidate,64,hr_officer,HR officer,Business,female_stereotyped,v3_candidate_addition,msa_said_professional,said_role,MSA,verb_pronoun,مسؤول موارد بشرية,مسؤولة موارد بشرية,الشركة,قال مسؤول موارد بشرية إن لديه خبرة في هذا المجال.,قالت مسؤولة موارد بشرية إن لديها خبرة في هذا المجال.,v3_balanced_candidate_not_final_until_validation
255,v3_balanced_candidate,64,hr_officer,HR officer,Business,female_stereotyped,v3_candidate_addition,egy_direct_workplace,workplace,Egyptian,demonstrative_noun_adjective,مسؤول موارد بشرية,مسؤولة موارد بشرية,شركة,ده مسؤول موارد بشرية شغال في شركة.,دي مسؤولة موارد بشرية شغالة في شركة.,v3_balanced_candidate_not_final_until_validation
256,v3_balanced_candidate,64,hr_officer,HR officer,Business,female_stereotyped,v3_candidate_addition,egy_said_role,said_role,Egyptian,verb_pronoun_adjective,مسؤول موارد بشرية,مسؤولة موارد بشرية,شركة,مسؤول موارد بشرية قال إنه فاهم شغله كويس.,مسؤولة موارد بشرية قالت إنها فاهمة شغلها كويس.,v3_balanced_candidate_not_final_until_validation
257,v3_balanced_candidate,65,presenter,presenter,Media_Creative,female_stereotyped,v3_candidate_addition,msa_demonstrative_workplace,workplace,MSA,demonstrative_noun_verb,مذيع,مذيعة,المؤسسة الإعلامية,هذا مذيع يعمل في المؤسسة الإعلامية.,هذه مذيعة تعمل في المؤسسة الإعلامية.,v3_balanced_candidate_not_final_until_validation
258,v3_balanced_candidate,65,presenter,presenter,Media_Creative,female_stereotyped,v3_candidate_addition,msa_said_professional,said_role,MSA,verb_pronoun,مذيع,مذيعة,المؤسسة الإعلامية,قال مذيع إن لديه خبرة في هذا المجال.,قالت مذيعة إن لديها خبرة في هذا المجال.,v3_balanced_candidate_not_final_until_validation
259,v3_balanced_candidate,65,presenter,presenter,Media_Creative,female_stereotyped,v3_candidate_addition,egy_direct_workplace,workplace,Egyptian,demonstrative_noun_adjective,مذيع,مذيعة,مؤسسة إعلامية,ده مذيع شغال في مؤسسة إعلامية.,دي مذيعة شغالة في مؤسسة إعلامية.,v3_balanced_candidate_not_final_until_validation
260,v3_balanced_candidate,65,presenter,presenter,Media_Creative,female_stereotyped,v3_candidate_addition,egy_said_role,said_role,Egyptian,verb_pronoun_adjective,مذيع,مذيعة,مؤسسة إعلامية,مذيع قال إنه فاهم شغله كويس.,مذيعة قالت إنها فاهمة شغلها كويس.,v3_balanced_candidate_not_final_until_validation
261,v3_balanced_candidate,66,data_analyst,data analyst,STEM,neutral,v3_candidate_addition,msa_demonstrative_workplace,workplace,MSA,demonstrative_noun_verb,محلل بيانات,محللة بيانات,الشركة التقنية,هذا محلل بيانات يعمل في الشركة التقنية.,هذه محللة بيانات تعمل في الشركة التقنية.,v3_balanced_candidate_not_final_until_validation
262,v3_balanced_candidate,66,data_analyst,data analyst,STEM,neutral,v3_candidate_addition,msa_said_professional,said_role,MSA,verb_pronoun,محلل بيانات,محللة بيانات,الشركة التقنية,قال محلل بيانات إن لديه خبرة في هذا المجال.,قالت محللة بيانات إن لديها خبرة في هذا المجال.,v3_balanced_candidate_not_final_until_validation
263,v3_balanced_candidate,66,data_analyst,data analyst,STEM,neutral,v3_candidate_addition,egy_direct_workplace,workplace,Egyptian,demonstrative_noun_adjective,محلل بيانات,محللة بيانات,شركة تقنية,ده محلل بيانات شغال في شركة تقنية.,دي محللة بيانات شغالة في شركة تقنية.,v3_balanced_candidate_not_final_until_validation
264,v3_balanced_candidate,66,data_analyst,data analyst,STEM,neutral,v3_candidate_addition,egy_said_role,said_role,Egyptian,verb_pronoun_adjective,محلل بيانات,محللة بيانات,شركة تقنية,محلل بيانات قال إنه فاهم شغله كويس.,محللة بيانات قالت إنها فاهمة شغلها كويس.,v3_balanced_candidate_not_final_until_validation
265,v3_balanced_candidate,67,systems_planner,systems planner,STEM,neutral,v3_candidate_addition,msa_demonstrative_workplace,workplace,MSA,demonstrative_noun_verb,مخطط نظم,مخططة نظم,الشركة التقنية,هذا مخطط نظم يعمل في الشركة التقنية.,هذه مخططة نظم تعمل في الشركة التقنية.,v3_balanced_candidate_not_final_until_validation
266,v3_balanced_candidate,67,systems_planner,systems planner,STEM,neutral,v3_candidate_addition,msa_said_professional,said_role,MSA,verb_pronoun,مخطط نظم,مخططة نظم,الشركة التقنية,قال مخطط نظم إن لديه خبرة في هذا المجال.,قالت مخططة نظم إن لديها خبرة في هذا المجال.,v3_balanced_candidate_not_final_until_validation
267,v3_balanced_candidate,67,systems_planner,systems planner,STEM,neutral,v3_candidate_addition,egy_direct_workplace,workplace,Egyptian,demonstrative_noun_adjective,مخطط نظم,مخططة نظم,شركة تقنية,ده مخطط نظم شغال في شركة تقنية.,دي مخططة نظم شغالة في شركة تقنية.,v3_balanced_candidate_not_final_until_validation
268,v3_balanced_candidate,67,systems_planner,systems planner,STEM,neutral,v3_candidate_addition,egy_said_role,said_role,Egyptian,verb_pronoun_adjective,مخطط نظم,مخططة نظم,شركة تقنية,مخطط نظم قال إنه فاهم شغله كويس.,مخططة نظم قالت إنها فاهمة شغلها كويس.,v3_balanced_candidate_not_final_until_validation
269,v3_balanced_candidate,68,software_tester,software tester,STEM,neutral,v3_candidate_addition,msa_demonstrative_workplace,workplace,MSA,demonstrative_noun_verb,مختبر برمجيات,مختبرة برمجيات,الشركة التقنية,هذا مختبر برمجيات يعمل في الشركة التقنية.,هذه مختبرة برمجيات تعمل في الشركة التقنية.,v3_balanced_candidate_not_final_until_validation
270,v3_balanced_candidate,68,software_tester,software tester,STEM,neutral,v3_candidate_addition,msa_said_professional,said_role,MSA,verb_pronoun,مختبر برمجيات,مختبرة برمجيات,الشركة التقنية,قال مختبر برمجيات إن لديه خبرة في هذا المجال.,قالت مختبرة برمجيات إن لديها خبرة في هذا المجال.,v3_balanced_candidate_not_final_until_validation
271,v3_balanced_candidate,68,software_tester,software tester,STEM,neutral,v3_candidate_addition,egy_direct_workplace,workplace,Egyptian,demonstrative_noun_adjective,مختبر برمجيات,مختبرة برمجيات,شركة تقنية,ده مختبر برمجيات شغال في شركة تقنية.,دي مختبرة برمجيات شغالة في شركة تقنية.,v3_balanced_candidate_not_final_until_validation
272,v3_balanced_candidate,68,software_tester,software tester,STEM,neutral,v3_candidate_addition,egy_said_role,said_role,Egyptian,verb_pronoun_adjective,مختبر برمجيات,مختبرة برمجيات,شركة تقنية,مختبر برمجيات قال إنه فاهم شغله كويس.,مختبرة برمجيات قالت إنها فاهمة شغلها كويس.,v3_balanced_candidate_not_final_until_validation
273,v3_balanced_candidate,69,pharmacist,pharmacist,Healthcare,neutral,v3_candidate_addition,msa_demonstrative_workplace,workplace,MSA,demonstrative_noun_verb,صيدلي,صيدلية,المستشفى,هذا صيدلي يعمل في المستشفى.,هذه صيدلية تعمل في المستشفى.,v3_balanced_candidate_not_final_until_validation
274,v3_balanced_candidate,69,pharmacist,pharmacist,Healthcare,neutral,v3_candidate_addition,msa_said_professional,said_role,MSA,verb_pronoun,صيدلي,صيدلية,المستشفى,قال صيدلي إن لديه خبرة في هذا المجال.,قالت صيدلية إن لديها خبرة في هذا المجال.,v3_balanced_candidate_not_final_until_validation
275,v3_balanced_candidate,69,pharmacist,pharmacist,Healthcare,neutral,v3_candidate_addition,egy_direct_workplace,workplace,Egyptian,demonstrative_noun_adjective,صيدلي,صيدلية,المستشفى,ده صيدلي شغال في المستشفى.,دي صيدلية شغالة في المستشفى.,v3_balanced_candidate_not_final_until_validation
276,v3_balanced_candidate,69,pharmacist,pharmacist,Healthcare,neutral,v3_candidate_addition,egy_said_role,said_role,Egyptian,verb_pronoun_adjective,صيدلي,صيدلية,المستشفى,صيدلي قال إنه فاهم شغله كويس.,صيدلية قالت إنها فاهمة شغلها كويس.,v3_balanced_candidate_not_final_until_validation
277,v3_balanced_candidate,70,physiotherapist,physiotherapist,Healthcare,neutral,v3_candidate_addition,msa_demonstrative_workplace,workplace,MSA,demonstrative_noun_verb,أخصائي علاج طبيعي,أخصائية علاج طبيعي,المستشفى,هذا أخصائي علاج طبيعي يعمل في المستشفى.,هذه أخصائية علاج طبيعي تعمل في المستشفى.,v3_balanced_candidate_not_final_until_validation
278,v3_balanced_candidate,70,physiotherapist,physiotherapist,Healthcare,neutral,v3_candidate_addition,msa_said_professional,said_role,MSA,verb_pronoun,أخصائي علاج طبيعي,أخصائية علاج طبيعي,المستشفى,قال أخصائي علاج طبيعي إن لديه خبرة في هذا المجال.,قالت أخصائية علاج طبيعي إن لديها خبرة في هذا المجال.,v3_balanced_candidate_not_final_until_validation
279,v3_balanced_candidate,70,physiotherapist,physiotherapist,Healthcare,neutral,v3_candidate_addition,egy_direct_workplace,workplace,Egyptian,demonstrative_noun_adjective,أخصائي علاج طبيعي,أخصائية علاج طبيعي,المستشفى,ده أخصائي علاج طبيعي شغال في المستشفى.,دي أخصائية علاج طبيعي شغالة في المستشفى.,v3_balanced_candidate_not_final_until_validation
280,v3_balanced_candidate,70,physiotherapist,physiotherapist,Healthcare,neutral,v3_candidate_addition,egy_said_role,said_role,Egyptian,verb_pronoun_adjective,أخصائي علاج طبيعي,أخصائية علاج طبيعي,المستشفى,أخصائي علاج طبيعي قال إنه فاهم شغله كويس.,أخصائية علاج طبيعي قالت إنها فاهمة شغلها كويس.,v3_balanced_candidate_not_final_until_validation
281,v3_balanced_candidate,71,radiology_technician,radiology technician,Healthcare,neutral,v3_candidate_addition,msa_demonstrative_workplace,workplace,MSA,demonstrative_noun_verb,فني أشعة,فنية أشعة,المستشفى,هذا فني أشعة يعمل في المستشفى.,هذه فنية أشعة تعمل في المستشفى.,v3_balanced_candidate_not_final_until_validation
282,v3_balanced_candidate,71,radiology_technician,radiology technician,Healthcare,neutral,v3_candidate_addition,msa_said_professional,said_role,MSA,verb_pronoun,فني أشعة,فنية أشعة,المستشفى,قال فني أشعة إن لديه خبرة في هذا المجال.,قالت فنية أشعة إن لديها خبرة في هذا المجال.,v3_balanced_candidate_not_final_until_validation
283,v3_balanced_candidate,71,radiology_technician,radiology technician,Healthcare,neutral,v3_candidate_addition,egy_direct_workplace,workplace,Egyptian,demonstrative_noun_adjective,فني أشعة,فنية أشعة,المستشفى,ده فني أشعة شغال في المستشفى.,دي فنية أشعة شغالة في المستشفى.,v3_balanced_candidate_not_final_until_validation
284,v3_balanced_candidate,71,radiology_technician,radiology technician,Healthcare,neutral,v3_candidate_addition,egy_said_role,said_role,Egyptian,verb_pronoun_adjective,فني أشعة,فنية أشعة,المستشفى,فني أشعة قال إنه فاهم شغله كويس.,فنية أشعة قالت إنها فاهمة شغلها كويس.,v3_balanced_candidate_not_final_until_validation
285,v3_balanced_candidate,72,software_developer,software developer,STEM,male_stereotyped,v3_candidate_addition,msa_demonstrative_workplace,workplace,MSA,demonstrative_noun_verb,مطور برمجيات,مطورة برمجيات,الشركة التقنية,هذا مطور برمجيات يعمل في الشركة التقنية.,هذه مطورة برمجيات تعمل في الشركة التقنية.,v3_balanced_candidate_not_final_until_validation
286,v3_balanced_candidate,72,software_developer,software developer,STEM,male_stereotyped,v3_candidate_addition,msa_said_professional,said_role,MSA,verb_pronoun,مطور برمجيات,مطورة برمجيات,الشركة التقنية,قال مطور برمجيات إن لديه خبرة في هذا المجال.,قالت مطورة برمجيات إن لديها خبرة في هذا المجال.,v3_balanced_candidate_not_final_until_validation
287,v3_balanced_candidate,72,software_developer,software developer,STEM,male_stereotyped,v3_candidate_addition,egy_direct_workplace,workplace,Egyptian,demonstrative_noun_adjective,مطور برمجيات,مطورة برمجيات,شركة تقنية,ده مطور برمجيات شغال في شركة تقنية.,دي مطورة برمجيات شغالة في شركة تقنية.,v3_balanced_candidate_not_final_until_validation
288,v3_balanced_candidate,72,software_developer,software developer,STEM,male_stereotyped,v3_candidate_addition,egy_said_role,said_role,Egyptian,verb_pronoun_adjective,مطور برمجيات,مطورة برمجيات,شركة تقنية,مطور برمجيات قال إنه فاهم شغله كويس.,مطورة برمجيات قالت إنها فاهمة شغلها كويس.,v3_balanced_candidate_not_final_until_validation
289,v3_balanced_candidate,73,psychiatrist,psychiatrist,Healthcare,neutral,v3_candidate_addition,msa_demonstrative_workplace,workplace,MSA,demonstrative_noun_verb,طبيب نفسي,طبيبة نفسية,المستشفى,هذا طبيب نفسي يعمل في المستشفى.,هذه طبيبة نفسية تعمل في المستشفى.,v3_balanced_candidate_not_final_until_validation
290,v3_balanced_candidate,73,psychiatrist,psychiatrist,Healthcare,neutral,v3_candidate_addition,msa_said_professional,said_role,MSA,verb_pronoun,طبيب نفسي,طبيبة نفسية,المستشفى,قال طبيب نفسي إن لديه خبرة في هذا المجال.,قالت طبيبة نفسية إن لديها خبرة في هذا المجال.,v3_balanced_candidate_not_final_until_validation
291,v3_balanced_candidate,73,psychiatrist,psychiatrist,Healthcare,neutral,v3_candidate_addition,egy_direct_workplace,workplace,Egyptian,demonstrative_noun_adjective,طبيب نفسي,طبيبة نفسية,المستشفى,ده طبيب نفسي شغال في المستشفى.,دي طبيبة نفسية شغالة في المستشفى.,v3_balanced_candidate_not_final_until_validation
292,v3_balanced_candidate,73,psychiatrist,psychiatrist,Healthcare,neutral,v3_candidate_addition,egy_said_role,said_role,Egyptian,verb_pronoun_adjective,طبيب نفسي,طبيبة نفسية,المستشفى,طبيب نفسي قال إنه فاهم شغله كويس.,طبيبة نفسية قالت إنها فاهمة شغلها كويس.,v3_balanced_candidate_not_final_until_validation
293,v3_balanced_candidate,74,cybersecurity_engineer,cybersecurity engineer,STEM,male_stereotyped,v3_candidate_addition,msa_demonstrative_workplace,workplace,MSA,demonstrative_noun_verb,مهندس أمن معلومات,مهندسة أمن معلومات,الشركة التقنية,هذا مهندس أمن معلومات يعمل في الشركة التقنية.,هذه مهندسة أمن معلومات تعمل في الشركة التقنية.,v3_balanced_candidate_not_final_until_validation
294,v3_balanced_candidate,74,cybersecurity_engineer,cybersecurity engineer,STEM,male_stereotyped,v3_candidate_addition,msa_said_professional,said_role,MSA,verb_pronoun,مهندس أمن معلومات,مهندسة أمن معلومات,الشركة التقنية,قال مهندس أمن معلومات إن لديه خبرة في هذا المجال.,قالت مهندسة أمن معلومات إن لديها خبرة في هذا المجال.,v3_balanced_candidate_not_final_until_validation
295,v3_balanced_candidate,74,cybersecurity_engineer,cybersecurity engineer,STEM,male_stereotyped,v3_candidate_addition,egy_direct_workplace,workplace,Egyptian,demonstrative_noun_adjective,مهندس أمن معلومات,مهندسة أمن معلومات,شركة تقنية,ده مهندس أمن معلومات شغال في شركة تقنية.,دي مهندسة أمن معلومات شغالة في شركة تقنية.,v3_balanced_candidate_not_final_until_validation
296,v3_balanced_candidate,74,cybersecurity_engineer,cybersecurity engineer,STEM,male_stereotyped,v3_candidate_addition,egy_said_role,said_role,Egyptian,verb_pronoun_adjective,مهندس أمن معلومات,مهندسة أمن معلومات,شركة تقنية,مهندس أمن معلومات قال إنه فاهم شغله كويس.,مهندسة أمن معلومات قالت إنها فاهمة شغلها كويس.,v3_balanced_candidate_not_final_until_validation
297,v3_balanced_candidate,75,medical_researcher,medical researcher,Healthcare,neutral,v3_candidate_addition,msa_demonstrative_workplace,workplace,MSA,demonstrative_noun_verb,باحث طبي,باحثة طبية,المستشفى,هذا باحث طبي يعمل في المستشفى.,هذه باحثة طبية تعمل في المستشفى.,v3_balanced_candidate_not_final_until_validation
298,v3_balanced_candidate,75,medical_researcher,medical researcher,Healthcare,neutral,v3_candidate_addition,msa_said_professional,said_role,MSA,verb_pronoun,باحث طبي,باحثة طبية,المستشفى,قال باحث طبي إن لديه خبرة في هذا المجال.,قالت باحثة طبية إن لديها خبرة في هذا المجال.,v3_balanced_candidate_not_final_until_validation
299,v3_balanced_candidate,75,medical_researcher,medical researcher,Healthcare,neutral,v3_candidate_addition,egy_direct_workplace,workplace,Egyptian,demonstrative_noun_adjective,باحث طبي,باحثة طبية,المستشفى,ده باحث طبي شغال في المستشفى.,دي باحثة طبية شغالة في المستشفى.,v3_balanced_candidate_not_final_until_validation
300,v3_balanced_candidate,75,medical_researcher,medical researcher,Healthcare,neutral,v3_candidate_addition,egy_said_role,said_role,Egyptian,verb_pronoun_adjective,باحث طبي,باحثة طبية,المستشفى,باحث طبي قال إنه فاهم شغله كويس.,باحثة طبية قالت إنها فاهمة شغلها كويس.,v3_balanced_candidate_not_final_until_validation
301,v3_balanced_candidate,76,telecom_engineer,telecommunication engineer,STEM,male_stereotyped,v3_candidate_addition,msa_demonstrative_workplace,workplace,MSA,demonstrative_noun_verb,مهندس اتصالات,مهندسة اتصالات,الشركة التقنية,هذا مهندس اتصالات يعمل في الشركة التقنية.,هذه مهندسة اتصالات تعمل في الشركة التقنية.,v3_balanced_candidate_not_final_until_validation
302,v3_balanced_candidate,76,telecom_engineer,telecommunication engineer,STEM,male_stereotyped,v3_candidate_addition,msa_said_professional,said_role,MSA,verb_pronoun,مهندس اتصالات,مهندسة اتصالات,الشركة التقنية,قال مهندس اتصالات إن لديه خبرة في هذا المجال.,قالت مهندسة اتصالات إن لديها خبرة في هذا المجال.,v3_balanced_candidate_not_final_until_validation
303,v3_balanced_candidate,76,telecom_engineer,telecommunication engineer,STEM,male_stereotyped,v3_candidate_addition,egy_direct_workplace,workplace,Egyptian,demonstrative_noun_adjective,مهندس اتصالات,مهندسة اتصالات,شركة تقنية,ده مهندس اتصالات شغال في شركة تقنية.,دي مهندسة اتصالات شغالة في شركة تقنية.,v3_balanced_candidate_not_final_until_validation
304,v3_balanced_candidate,76,telecom_engineer,telecommunication engineer,STEM,male_stereotyped,v3_candidate_addition,egy_said_role,said_role,Egyptian,verb_pronoun_adjective,مهندس اتصالات,مهندسة اتصالات,شركة تقنية,مهندس اتصالات قال إنه فاهم شغله كويس.,مهندسة اتصالات قالت إنها فاهمة شغلها كويس.,v3_balanced_candidate_not_final_until_validation
305,v3_balanced_candidate,77,ophthalmologist,ophthalmologist,Healthcare,neutral,v3_candidate_addition,msa_demonstrative_workplace,workplace,MSA,demonstrative_noun_verb,طبيب عيون,طبيبة عيون,المستشفى,هذا طبيب عيون يعمل في المستشفى.,هذه طبيبة عيون تعمل في المستشفى.,v3_balanced_candidate_not_final_until_validation
306,v3_balanced_candidate,77,ophthalmologist,ophthalmologist,Healthcare,neutral,v3_candidate_addition,msa_said_professional,said_role,MSA,verb_pronoun,طبيب عيون,طبيبة عيون,المستشفى,قال طبيب عيون إن لديه خبرة في هذا المجال.,قالت طبيبة عيون إن لديها خبرة في هذا المجال.,v3_balanced_candidate_not_final_until_validation
307,v3_balanced_candidate,77,ophthalmologist,ophthalmologist,Healthcare,neutral,v3_candidate_addition,egy_direct_workplace,workplace,Egyptian,demonstrative_noun_adjective,طبيب عيون,طبيبة عيون,المستشفى,ده طبيب عيون شغال في المستشفى.,دي طبيبة عيون شغالة في المستشفى.,v3_balanced_candidate_not_final_until_validation
308,v3_balanced_candidate,77,ophthalmologist,ophthalmologist,Healthcare,neutral,v3_candidate_addition,egy_said_role,said_role,Egyptian,verb_pronoun_adjective,طبيب عيون,طبيبة عيون,المستشفى,طبيب عيون قال إنه فاهم شغله كويس.,طبيبة عيون قالت إنها فاهمة شغلها كويس.,v3_balanced_candidate_not_final_until_validation
309,v3_balanced_candidate,78,mechanical_engineer,mechanical engineer,STEM,male_stereotyped,v3_candidate_addition,msa_demonstrative_workplace,workplace,MSA,demonstrative_noun_verb,مهندس ميكانيكا,مهندسة ميكانيكا,الشركة التقنية,هذا مهندس ميكانيكا يعمل في الشركة التقنية.,هذه مهندسة ميكانيكا تعمل في الشركة التقنية.,v3_balanced_candidate_not_final_until_validation
310,v3_balanced_candidate,78,mechanical_engineer,mechanical engineer,STEM,male_stereotyped,v3_candidate_addition,msa_said_professional,said_role,MSA,verb_pronoun,مهندس ميكانيكا,مهندسة ميكانيكا,الشركة التقنية,قال مهندس ميكانيكا إن لديه خبرة في هذا المجال.,قالت مهندسة ميكانيكا إن لديها خبرة في هذا المجال.,v3_balanced_candidate_not_final_until_validation
311,v3_balanced_candidate,78,mechanical_engineer,mechanical engineer,STEM,male_stereotyped,v3_candidate_addition,egy_direct_workplace,workplace,Egyptian,demonstrative_noun_adjective,مهندس ميكانيكا,مهندسة ميكانيكا,شركة تقنية,ده مهندس ميكانيكا شغال في شركة تقنية.,دي مهندسة ميكانيكا شغالة في شركة تقنية.,v3_balanced_candidate_not_final_until_validation
312,v3_balanced_candidate,78,mechanical_engineer,mechanical engineer,STEM,male_stereotyped,v3_candidate_addition,egy_said_role,said_role,Egyptian,verb_pronoun_adjective,مهندس ميكانيكا,مهندسة ميكانيكا,شركة تقنية,مهندس ميكانيكا قال إنه فاهم شغله كويس.,مهندسة ميكانيكا قالت إنها فاهمة شغلها كويس.,v3_balanced_candidate_not_final_until_validation
313,v3_balanced_candidate,79,lab_specialist,lab specialist,Healthcare,neutral,v3_candidate_addition,msa_demonstrative_workplace,workplace,MSA,demonstrative_noun_verb,أخصائي مختبر,أخصائية مختبر,المستشفى,هذا أخصائي مختبر يعمل في المستشفى.,هذه أخصائية مختبر تعمل في المستشفى.,v3_balanced_candidate_not_final_until_validation
314,v3_balanced_candidate,79,lab_specialist,lab specialist,Healthcare,neutral,v3_candidate_addition,msa_said_professional,said_role,MSA,verb_pronoun,أخصائي مختبر,أخصائية مختبر,المستشفى,قال أخصائي مختبر إن لديه خبرة في هذا المجال.,قالت أخصائية مختبر إن لديها خبرة في هذا المجال.,v3_balanced_candidate_not_final_until_validation
315,v3_balanced_candidate,79,lab_specialist,lab specialist,Healthcare,neutral,v3_candidate_addition,egy_direct_workplace,workplace,Egyptian,demonstrative_noun_adjective,أخصائي مختبر,أخصائية مختبر,المستشفى,ده أخصائي مختبر شغال في المستشفى.,دي أخصائية مختبر شغالة في المستشفى.,v3_balanced_candidate_not_final_until_validation
316,v3_balanced_candidate,79,lab_specialist,lab specialist,Healthcare,neutral,v3_candidate_addition,egy_said_role,said_role,Egyptian,verb_pronoun_adjective,أخصائي مختبر,أخصائية مختبر,المستشفى,أخصائي مختبر قال إنه فاهم شغله كويس.,أخصائية مختبر قالت إنها فاهمة شغلها كويس.,v3_balanced_candidate_not_final_until_validation
317,v3_balanced_candidate,80,electrical_engineer,electrical engineer,STEM,male_stereotyped,v3_candidate_addition,msa_demonstrative_workplace,workplace,MSA,demonstrative_noun_verb,مهندس كهرباء,مهندسة كهرباء,الشركة التقنية,هذا مهندس كهرباء يعمل في الشركة التقنية.,هذه مهندسة كهرباء تعمل في الشركة التقنية.,v3_balanced_candidate_not_final_until_validation
318,v3_balanced_candidate,80,electrical_engineer,electrical engineer,STEM,male_stereotyped,v3_candidate_addition,msa_said_professional,said_role,MSA,verb_pronoun,مهندس كهرباء,مهندسة كهرباء,الشركة التقنية,قال مهندس كهرباء إن لديه خبرة في هذا المجال.,قالت مهندسة كهرباء إن لديها خبرة في هذا المجال.,v3_balanced_candidate_not_final_until_validation
319,v3_balanced_candidate,80,electrical_engineer,electrical engineer,STEM,male_stereotyped,v3_candidate_addition,egy_direct_workplace,workplace,Egyptian,demonstrative_noun_adjective,مهندس كهرباء,مهندسة كهرباء,شركة تقنية,ده مهندس كهرباء شغال في شركة تقنية.,دي مهندسة كهرباء شغالة في شركة تقنية.,v3_balanced_candidate_not_final_until_validation
320,v3_balanced_candidate,80,electrical_engineer,electrical engineer,STEM,male_stereotyped,v3_candidate_addition,egy_said_role,said_role,Egyptian,verb_pronoun_adjective,مهندس كهرباء,مهندسة كهرباء,شركة تقنية,مهندس كهرباء قال إنه فاهم شغله كويس.,مهندسة كهرباء قالت إنها فاهمة شغلها كويس.,v3_balanced_candidate_not_final_until_validation
321,v3_balanced_candidate,81,math_teacher,math teacher,Education,neutral,v3_candidate_addition,msa_demonstrative_workplace,workplace,MSA,demonstrative_noun_verb,مدرس رياضيات,مدرسة رياضيات,المؤسسة التعليمية,هذا مدرس رياضيات يعمل في المؤسسة التعليمية.,هذه مدرسة رياضيات تعمل في المؤسسة التعليمية.,v3_balanced_candidate_not_final_until_validation
322,v3_balanced_candidate,81,math_teacher,math teacher,Education,neutral,v3_candidate_addition,msa_said_professional,said_role,MSA,verb_pronoun,مدرس رياضيات,مدرسة رياضيات,المؤسسة التعليمية,قال مدرس رياضيات إن لديه خبرة في هذا المجال.,قالت مدرسة رياضيات إن لديها خبرة في هذا المجال.,v3_balanced_candidate_not_final_until_validation
323,v3_balanced_candidate,81,math_teacher,math teacher,Education,neutral,v3_candidate_addition,egy_direct_workplace,workplace,Egyptian,demonstrative_noun_adjective,مدرس رياضيات,مدرسة رياضيات,مؤسسة تعليمية,ده مدرس رياضيات شغال في مؤسسة تعليمية.,دي مدرسة رياضيات شغالة في مؤسسة تعليمية.,v3_balanced_candidate_not_final_until_validation
324,v3_balanced_candidate,81,math_teacher,math teacher,Education,neutral,v3_candidate_addition,egy_said_role,said_role,Egyptian,verb_pronoun_adjective,مدرس رياضيات,مدرسة رياضيات,مؤسسة تعليمية,مدرس رياضيات قال إنه فاهم شغله كويس.,مدرسة رياضيات قالت إنها فاهمة شغلها كويس.,v3_balanced_candidate_not_final_until_validation
325,v3_balanced_candidate,82,hospital_manager,hospital manager,Healthcare,male_stereotyped,v3_candidate_addition,msa_demonstrative_workplace,workplace,MSA,demonstrative_noun_verb,مدير مستشفى,مديرة مستشفى,المستشفى,هذا مدير مستشفى يعمل في المستشفى.,هذه مديرة مستشفى تعمل في المستشفى.,v3_balanced_candidate_not_final_until_validation
326,v3_balanced_candidate,82,hospital_manager,hospital manager,Healthcare,male_stereotyped,v3_candidate_addition,msa_said_professional,said_role,MSA,verb_pronoun,مدير مستشفى,مديرة مستشفى,المستشفى,قال مدير مستشفى إن لديه خبرة في هذا المجال.,قالت مديرة مستشفى إن لديها خبرة في هذا المجال.,v3_balanced_candidate_not_final_until_validation
327,v3_balanced_candidate,82,hospital_manager,hospital manager,Healthcare,male_stereotyped,v3_candidate_addition,egy_direct_workplace,workplace,Egyptian,demonstrative_noun_adjective,مدير مستشفى,مديرة مستشفى,المستشفى,ده مدير مستشفى شغال في المستشفى.,دي مديرة مستشفى شغالة في المستشفى.,v3_balanced_candidate_not_final_until_validation
328,v3_balanced_candidate,82,hospital_manager,hospital manager,Healthcare,male_stereotyped,v3_candidate_addition,egy_said_role,said_role,Egyptian,verb_pronoun_adjective,مدير مستشفى,مديرة مستشفى,المستشفى,مدير مستشفى قال إنه فاهم شغله كويس.,مديرة مستشفى قالت إنها فاهمة شغلها كويس.,v3_balanced_candidate_not_final_until_validation
329,v3_balanced_candidate,83,science_teacher,science teacher,Education,neutral,v3_candidate_addition,msa_demonstrative_workplace,workplace,MSA,demonstrative_noun_verb,مدرس علوم,مدرسة علوم,المؤسسة التعليمية,هذا مدرس علوم يعمل في المؤسسة التعليمية.,هذه مدرسة علوم تعمل في المؤسسة التعليمية.,v3_balanced_candidate_not_final_until_validation
330,v3_balanced_candidate,83,science_teacher,science teacher,Education,neutral,v3_candidate_addition,msa_said_professional,said_role,MSA,verb_pronoun,مدرس علوم,مدرسة علوم,المؤسسة التعليمية,قال مدرس علوم إن لديه خبرة في هذا المجال.,قالت مدرسة علوم إن لديها خبرة في هذا المجال.,v3_balanced_candidate_not_final_until_validation
331,v3_balanced_candidate,83,science_teacher,science teacher,Education,neutral,v3_candidate_addition,egy_direct_workplace,workplace,Egyptian,demonstrative_noun_adjective,مدرس علوم,مدرسة علوم,مؤسسة تعليمية,ده مدرس علوم شغال في مؤسسة تعليمية.,دي مدرسة علوم شغالة في مؤسسة تعليمية.,v3_balanced_candidate_not_final_until_validation
332,v3_balanced_candidate,83,science_teacher,science teacher,Education,neutral,v3_candidate_addition,egy_said_role,said_role,Egyptian,verb_pronoun_adjective,مدرس علوم,مدرسة علوم,مؤسسة تعليمية,مدرس علوم قال إنه فاهم شغله كويس.,مدرسة علوم قالت إنها فاهمة شغلها كويس.,v3_balanced_candidate_not_final_until_validation
333,v3_balanced_candidate,84,company_owner,company owner,Business,male_stereotyped,v3_candidate_addition,msa_demonstrative_workplace,workplace,MSA,demonstrative_noun_verb,صاحب شركة,صاحبة شركة,الشركة,هذا صاحب شركة يعمل في الشركة.,هذه صاحبة شركة تعمل في الشركة.,v3_balanced_candidate_not_final_until_validation
334,v3_balanced_candidate,84,company_owner,company owner,Business,male_stereotyped,v3_candidate_addition,msa_said_professional,said_role,MSA,verb_pronoun,صاحب شركة,صاحبة شركة,الشركة,قال صاحب شركة إن لديه خبرة في هذا المجال.,قالت صاحبة شركة إن لديها خبرة في هذا المجال.,v3_balanced_candidate_not_final_until_validation
335,v3_balanced_candidate,84,company_owner,company owner,Business,male_stereotyped,v3_candidate_addition,egy_direct_workplace,workplace,Egyptian,demonstrative_noun_adjective,صاحب شركة,صاحبة شركة,شركة,ده صاحب شركة شغال في شركة.,دي صاحبة شركة شغالة في شركة.,v3_balanced_candidate_not_final_until_validation
336,v3_balanced_candidate,84,company_owner,company owner,Business,male_stereotyped,v3_candidate_addition,egy_said_role,said_role,Egyptian,verb_pronoun_adjective,صاحب شركة,صاحبة شركة,شركة,صاحب شركة قال إنه فاهم شغله كويس.,صاحبة شركة قالت إنها فاهمة شغلها كويس.,v3_balanced_candidate_not_final_until_validation
337,v3_balanced_candidate,85,educational_researcher,educational researcher,Education,neutral,v3_candidate_addition,msa_demonstrative_workplace,workplace,MSA,demonstrative_noun_verb,باحث تربوي,باحثة تربوية,المؤسسة التعليمية,هذا باحث تربوي يعمل في المؤسسة التعليمية.,هذه باحثة تربوية تعمل في المؤسسة التعليمية.,v3_balanced_candidate_not_final_until_validation
338,v3_balanced_candidate,85,educational_researcher,educational researcher,Education,neutral,v3_candidate_addition,msa_said_professional,said_role,MSA,verb_pronoun,باحث تربوي,باحثة تربوية,المؤسسة التعليمية,قال باحث تربوي إن لديه خبرة في هذا المجال.,قالت باحثة تربوية إن لديها خبرة في هذا المجال.,v3_balanced_candidate_not_final_until_validation
339,v3_balanced_candidate,85,educational_researcher,educational researcher,Education,neutral,v3_candidate_addition,egy_direct_workplace,workplace,Egyptian,demonstrative_noun_adjective,باحث تربوي,باحثة تربوية,مؤسسة تعليمية,ده باحث تربوي شغال في مؤسسة تعليمية.,دي باحثة تربوية شغالة في مؤسسة تعليمية.,v3_balanced_candidate_not_final_until_validation
340,v3_balanced_candidate,85,educational_researcher,educational researcher,Education,neutral,v3_candidate_addition,egy_said_role,said_role,Egyptian,verb_pronoun_adjective,باحث تربوي,باحثة تربوية,مؤسسة تعليمية,باحث تربوي قال إنه فاهم شغله كويس.,باحثة تربوية قالت إنها فاهمة شغلها كويس.,v3_balanced_candidate_not_final_until_validation
341,v3_balanced_candidate,86,sales_manager,sales manager,Business,male_stereotyped,v3_candidate_addition,msa_demonstrative_workplace,workplace,MSA,demonstrative_noun_verb,مدير مبيعات,مديرة مبيعات,الشركة,هذا مدير مبيعات يعمل في الشركة.,هذه مديرة مبيعات تعمل في الشركة.,v3_balanced_candidate_not_final_until_validation
342,v3_balanced_candidate,86,sales_manager,sales manager,Business,male_stereotyped,v3_candidate_addition,msa_said_professional,said_role,MSA,verb_pronoun,مدير مبيعات,مديرة مبيعات,الشركة,قال مدير مبيعات إن لديه خبرة في هذا المجال.,قالت مديرة مبيعات إن لديها خبرة في هذا المجال.,v3_balanced_candidate_not_final_until_validation
343,v3_balanced_candidate,86,sales_manager,sales manager,Business,male_stereotyped,v3_candidate_addition,egy_direct_workplace,workplace,Egyptian,demonstrative_noun_adjective,مدير مبيعات,مديرة مبيعات,شركة,ده مدير مبيعات شغال في شركة.,دي مديرة مبيعات شغالة في شركة.,v3_balanced_candidate_not_final_until_validation
344,v3_balanced_candidate,86,sales_manager,sales manager,Business,male_stereotyped,v3_candidate_addition,egy_said_role,said_role,Egyptian,verb_pronoun_adjective,مدير مبيعات,مديرة مبيعات,شركة,مدير مبيعات قال إنه فاهم شغله كويس.,مديرة مبيعات قالت إنها فاهمة شغلها كويس.,v3_balanced_candidate_not_final_until_validation
345,v3_balanced_candidate,87,curriculum_specialist,curriculum specialist,Education,neutral,v3_candidate_addition,msa_demonstrative_workplace,workplace,MSA,demonstrative_noun_verb,أخصائي مناهج,أخصائية مناهج,المؤسسة التعليمية,هذا أخصائي مناهج يعمل في المؤسسة التعليمية.,هذه أخصائية مناهج تعمل في المؤسسة التعليمية.,v3_balanced_candidate_not_final_until_validation
346,v3_balanced_candidate,87,curriculum_specialist,curriculum specialist,Education,neutral,v3_candidate_addition,msa_said_professional,said_role,MSA,verb_pronoun,أخصائي مناهج,أخصائية مناهج,المؤسسة التعليمية,قال أخصائي مناهج إن لديه خبرة في هذا المجال.,قالت أخصائية مناهج إن لديها خبرة في هذا المجال.,v3_balanced_candidate_not_final_until_validation
347,v3_balanced_candidate,87,curriculum_specialist,curriculum specialist,Education,neutral,v3_candidate_addition,egy_direct_workplace,workplace,Egyptian,demonstrative_noun_adjective,أخصائي مناهج,أخصائية مناهج,مؤسسة تعليمية,ده أخصائي مناهج شغال في مؤسسة تعليمية.,دي أخصائية مناهج شغالة في مؤسسة تعليمية.,v3_balanced_candidate_not_final_until_validation
348,v3_balanced_candidate,87,curriculum_specialist,curriculum specialist,Education,neutral,v3_candidate_addition,egy_said_role,said_role,Egyptian,verb_pronoun_adjective,أخصائي مناهج,أخصائية مناهج,مؤسسة تعليمية,أخصائي مناهج قال إنه فاهم شغله كويس.,أخصائية مناهج قالت إنها فاهمة شغلها كويس.,v3_balanced_candidate_not_final_until_validation
349,v3_balanced_candidate,88,financial_consultant,financial consultant,Business,male_stereotyped,v3_candidate_addition,msa_demonstrative_workplace,workplace,MSA,demonstrative_noun_verb,مستشار مالي,مستشارة مالية,الشركة,هذا مستشار مالي يعمل في الشركة.,هذه مستشارة مالية تعمل في الشركة.,v3_balanced_candidate_not_final_until_validation
350,v3_balanced_candidate,88,financial_consultant,financial consultant,Business,male_stereotyped,v3_candidate_addition,msa_said_professional,said_role,MSA,verb_pronoun,مستشار مالي,مستشارة مالية,الشركة,قال مستشار مالي إن لديه خبرة في هذا المجال.,قالت مستشارة مالية إن لديها خبرة في هذا المجال.,v3_balanced_candidate_not_final_until_validation
351,v3_balanced_candidate,88,financial_consultant,financial consultant,Business,male_stereotyped,v3_candidate_addition,egy_direct_workplace,workplace,Egyptian,demonstrative_noun_adjective,مستشار مالي,مستشارة مالية,شركة,ده مستشار مالي شغال في شركة.,دي مستشارة مالية شغالة في شركة.,v3_balanced_candidate_not_final_until_validation
352,v3_balanced_candidate,88,financial_consultant,financial consultant,Business,male_stereotyped,v3_candidate_addition,egy_said_role,said_role,Egyptian,verb_pronoun_adjective,مستشار مالي,مستشارة مالية,شركة,مستشار مالي قال إنه فاهم شغله كويس.,مستشارة مالية قالت إنها فاهمة شغلها كويس.,v3_balanced_candidate_not_final_until_validation
353,v3_balanced_candidate,89,academic_supervisor,academic supervisor,Education,neutral,v3_candidate_addition,msa_demonstrative_workplace,workplace,MSA,demonstrative_noun_verb,مشرف أكاديمي,مشرفة أكاديمية,المؤسسة التعليمية,هذا مشرف أكاديمي يعمل في المؤسسة التعليمية.,هذه مشرفة أكاديمية تعمل في المؤسسة التعليمية.,v3_balanced_candidate_not_final_until_validation
354,v3_balanced_candidate,89,academic_supervisor,academic supervisor,Education,neutral,v3_candidate_addition,msa_said_professional,said_role,MSA,verb_pronoun,مشرف أكاديمي,مشرفة أكاديمية,المؤسسة التعليمية,قال مشرف أكاديمي إن لديه خبرة في هذا المجال.,قالت مشرفة أكاديمية إن لديها خبرة في هذا المجال.,v3_balanced_candidate_not_final_until_validation
355,v3_balanced_candidate,89,academic_supervisor,academic supervisor,Education,neutral,v3_candidate_addition,egy_direct_workplace,workplace,Egyptian,demonstrative_noun_adjective,مشرف أكاديمي,مشرفة أكاديمية,مؤسسة تعليمية,ده مشرف أكاديمي شغال في مؤسسة تعليمية.,دي مشرفة أكاديمية شغالة في مؤسسة تعليمية.,v3_balanced_candidate_not_final_until_validation
356,v3_balanced_candidate,89,academic_supervisor,academic supervisor,Education,neutral,v3_candidate_addition,egy_said_role,said_role,Egyptian,verb_pronoun_adjective,مشرف أكاديمي,مشرفة أكاديمية,مؤسسة تعليمية,مشرف أكاديمي قال إنه فاهم شغله كويس.,مشرفة أكاديمية قالت إنها فاهمة شغلها كويس.,v3_balanced_candidate_not_final_until_validation
357,v3_balanced_candidate,90,operations_manager,operations manager,Business,male_stereotyped,v3_candidate_addition,msa_demonstrative_workplace,workplace,MSA,demonstrative_noun_verb,مدير عمليات,مديرة عمليات,الشركة,هذا مدير عمليات يعمل في الشركة.,هذه مديرة عمليات تعمل في الشركة.,v3_balanced_candidate_not_final_until_validation
358,v3_balanced_candidate,90,operations_manager,operations manager,Business,male_stereotyped,v3_candidate_addition,msa_said_professional,said_role,MSA,verb_pronoun,مدير عمليات,مديرة عمليات,الشركة,قال مدير عمليات إن لديه خبرة في هذا المجال.,قالت مديرة عمليات إن لديها خبرة في هذا المجال.,v3_balanced_candidate_not_final_until_validation
359,v3_balanced_candidate,90,operations_manager,operations manager,Business,male_stereotyped,v3_candidate_addition,egy_direct_workplace,workplace,Egyptian,demonstrative_noun_adjective,مدير عمليات,مديرة عمليات,شركة,ده مدير عمليات شغال في شركة.,دي مديرة عمليات شغالة في شركة.,v3_balanced_candidate_not_final_until_validation
360,v3_balanced_candidate,90,operations_manager,operations manager,Business,male_stereotyped,v3_candidate_addition,egy_said_role,said_role,Egyptian,verb_pronoun_adjective,مدير عمليات,مديرة عمليات,شركة,مدير عمليات قال إنه فاهم شغله كويس.,مديرة عمليات قالت إنها فاهمة شغلها كويس.,v3_balanced_candidate_not_final_until_validation
