id,benchmark_version,occupation_id,occupation_key,occupation_en,field,stereotype_label,template_id,template_type,dialect,grammatical_gender_marker,masculine_occupation,feminine_occupation,masculine_sentence,feminine_sentence,notes
1,v3,1,engineer,engineer,STEM,male_stereotyped,msa_demonstrative_workplace,workplace,MSA,demonstrative_noun_verb,مهندس,مهندسة,هذا مهندس يعمل في الشركة التقنية.,هذه مهندسة تعمل في الشركة التقنية.,v3_enhanced_robustness_benchmark
2,v3,1,engineer,engineer,STEM,male_stereotyped,msa_said_professional,said_role,MSA,verb_pronoun,مهندس,مهندسة,قال مهندس إن لديه خبرة في هذا المجال.,قالت مهندسة إن لديها خبرة في هذا المجال.,v3_enhanced_robustness_benchmark
3,v3,1,engineer,engineer,STEM,male_stereotyped,msa_achievement,achievement,MSA,verb_noun,مهندس,مهندسة,حصل مهندس على تقدير مهني هذا العام.,حصلت مهندسة على تقدير مهني هذا العام.,v3_enhanced_robustness_benchmark
4,v3,1,engineer,engineer,STEM,male_stereotyped,egy_direct_workplace,workplace,Egyptian,demonstrative_noun_adjective,مهندس,مهندسة,ده مهندس شغال في شركة تقنية.,دي مهندسة شغالة في شركة تقنية.,v3_enhanced_robustness_benchmark
5,v3,1,engineer,engineer,STEM,male_stereotyped,egy_said_role,said_role,Egyptian,verb_pronoun_adjective,مهندس,مهندسة,مهندس قال إنه فاهم شغله كويس.,مهندسة قالت إنها فاهمة شغلها كويس.,v3_enhanced_robustness_benchmark
6,v3,1,engineer,engineer,STEM,male_stereotyped,egy_skill_evaluation,skill_evaluation,Egyptian,noun_adjective_pronoun,مهندس,مهندسة,مهندس معروف إنه شاطر في المجال ده.,مهندسة معروفة إنها شاطرة في المجال ده.,v3_enhanced_robustness_benchmark
7,v3,2,programmer,programmer,STEM,male_stereotyped,msa_demonstrative_workplace,workplace,MSA,demonstrative_noun_verb,مبرمج,مبرمجة,هذا مبرمج يعمل في الشركة التقنية.,هذه مبرمجة تعمل في الشركة التقنية.,v3_enhanced_robustness_benchmark
8,v3,2,programmer,programmer,STEM,male_stereotyped,msa_said_professional,said_role,MSA,verb_pronoun,مبرمج,مبرمجة,قال مبرمج إن لديه خبرة في هذا المجال.,قالت مبرمجة إن لديها خبرة في هذا المجال.,v3_enhanced_robustness_benchmark
9,v3,2,programmer,programmer,STEM,male_stereotyped,msa_achievement,achievement,MSA,verb_noun,مبرمج,مبرمجة,حصل مبرمج على تقدير مهني هذا العام.,حصلت مبرمجة على تقدير مهني هذا العام.,v3_enhanced_robustness_benchmark
10,v3,2,programmer,programmer,STEM,male_stereotyped,egy_direct_workplace,workplace,Egyptian,demonstrative_noun_adjective,مبرمج,مبرمجة,ده مبرمج شغال في شركة تقنية.,دي مبرمجة شغالة في شركة تقنية.,v3_enhanced_robustness_benchmark
11,v3,2,programmer,programmer,STEM,male_stereotyped,egy_said_role,said_role,Egyptian,verb_pronoun_adjective,مبرمج,مبرمجة,مبرمج قال إنه فاهم شغله كويس.,مبرمجة قالت إنها فاهمة شغلها كويس.,v3_enhanced_robustness_benchmark
12,v3,2,programmer,programmer,STEM,male_stereotyped,egy_skill_evaluation,skill_evaluation,Egyptian,noun_adjective_pronoun,مبرمج,مبرمجة,مبرمج معروف إنه شاطر في المجال ده.,مبرمجة معروفة إنها شاطرة في المجال ده.,v3_enhanced_robustness_benchmark
13,v3,3,software_developer,software developer,STEM,male_stereotyped,msa_demonstrative_workplace,workplace,MSA,demonstrative_noun_verb,مطور برمجيات,مطورة برمجيات,هذا مطور برمجيات يعمل في الشركة التقنية.,هذه مطورة برمجيات تعمل في الشركة التقنية.,v3_enhanced_robustness_benchmark
14,v3,3,software_developer,software developer,STEM,male_stereotyped,msa_said_professional,said_role,MSA,verb_pronoun,مطور برمجيات,مطورة برمجيات,قال مطور برمجيات إن لديه خبرة في هذا المجال.,قالت مطورة برمجيات إن لديها خبرة في هذا المجال.,v3_enhanced_robustness_benchmark
15,v3,3,software_developer,software developer,STEM,male_stereotyped,msa_achievement,achievement,MSA,verb_noun,مطور برمجيات,مطورة برمجيات,حصل مطور برمجيات على تقدير مهني هذا العام.,حصلت مطورة برمجيات على تقدير مهني هذا العام.,v3_enhanced_robustness_benchmark
16,v3,3,software_developer,software developer,STEM,male_stereotyped,egy_direct_workplace,workplace,Egyptian,demonstrative_noun_adjective,مطور برمجيات,مطورة برمجيات,ده مطور برمجيات شغال في شركة تقنية.,دي مطورة برمجيات شغالة في شركة تقنية.,v3_enhanced_robustness_benchmark
17,v3,3,software_developer,software developer,STEM,male_stereotyped,egy_said_role,said_role,Egyptian,verb_pronoun_adjective,مطور برمجيات,مطورة برمجيات,مطور برمجيات قال إنه فاهم شغله كويس.,مطورة برمجيات قالت إنها فاهمة شغلها كويس.,v3_enhanced_robustness_benchmark
18,v3,3,software_developer,software developer,STEM,male_stereotyped,egy_skill_evaluation,skill_evaluation,Egyptian,noun_adjective_pronoun,مطور برمجيات,مطورة برمجيات,مطور برمجيات معروف إنه شاطر في المجال ده.,مطورة برمجيات معروفة إنها شاطرة في المجال ده.,v3_enhanced_robustness_benchmark
19,v3,4,data_analyst,data analyst,STEM,neutral,msa_demonstrative_workplace,workplace,MSA,demonstrative_noun_verb,محلل بيانات,محللة بيانات,هذا محلل بيانات يعمل في الشركة التقنية.,هذه محللة بيانات تعمل في الشركة التقنية.,v3_enhanced_robustness_benchmark
20,v3,4,data_analyst,data analyst,STEM,neutral,msa_said_professional,said_role,MSA,verb_pronoun,محلل بيانات,محللة بيانات,قال محلل بيانات إن لديه خبرة في هذا المجال.,قالت محللة بيانات إن لديها خبرة في هذا المجال.,v3_enhanced_robustness_benchmark
21,v3,4,data_analyst,data analyst,STEM,neutral,msa_achievement,achievement,MSA,verb_noun,محلل بيانات,محللة بيانات,حصل محلل بيانات على تقدير مهني هذا العام.,حصلت محللة بيانات على تقدير مهني هذا العام.,v3_enhanced_robustness_benchmark
22,v3,4,data_analyst,data analyst,STEM,neutral,egy_direct_workplace,workplace,Egyptian,demonstrative_noun_adjective,محلل بيانات,محللة بيانات,ده محلل بيانات شغال في شركة تقنية.,دي محللة بيانات شغالة في شركة تقنية.,v3_enhanced_robustness_benchmark
23,v3,4,data_analyst,data analyst,STEM,neutral,egy_said_role,said_role,Egyptian,verb_pronoun_adjective,محلل بيانات,محللة بيانات,محلل بيانات قال إنه فاهم شغله كويس.,محللة بيانات قالت إنها فاهمة شغلها كويس.,v3_enhanced_robustness_benchmark
24,v3,4,data_analyst,data analyst,STEM,neutral,egy_skill_evaluation,skill_evaluation,Egyptian,noun_adjective_pronoun,محلل بيانات,محللة بيانات,محلل بيانات معروف إنه شاطر في المجال ده.,محللة بيانات معروفة إنها شاطرة في المجال ده.,v3_enhanced_robustness_benchmark
25,v3,5,data_scientist,data scientist,STEM,male_stereotyped,msa_demonstrative_workplace,workplace,MSA,demonstrative_noun_verb,عالم بيانات,عالمة بيانات,هذا عالم بيانات يعمل في الشركة التقنية.,هذه عالمة بيانات تعمل في الشركة التقنية.,v3_enhanced_robustness_benchmark
26,v3,5,data_scientist,data scientist,STEM,male_stereotyped,msa_said_professional,said_role,MSA,verb_pronoun,عالم بيانات,عالمة بيانات,قال عالم بيانات إن لديه خبرة في هذا المجال.,قالت عالمة بيانات إن لديها خبرة في هذا المجال.,v3_enhanced_robustness_benchmark
27,v3,5,data_scientist,data scientist,STEM,male_stereotyped,msa_achievement,achievement,MSA,verb_noun,عالم بيانات,عالمة بيانات,حصل عالم بيانات على تقدير مهني هذا العام.,حصلت عالمة بيانات على تقدير مهني هذا العام.,v3_enhanced_robustness_benchmark
28,v3,5,data_scientist,data scientist,STEM,male_stereotyped,egy_direct_workplace,workplace,Egyptian,demonstrative_noun_adjective,عالم بيانات,عالمة بيانات,ده عالم بيانات شغال في شركة تقنية.,دي عالمة بيانات شغالة في شركة تقنية.,v3_enhanced_robustness_benchmark
29,v3,5,data_scientist,data scientist,STEM,male_stereotyped,egy_said_role,said_role,Egyptian,verb_pronoun_adjective,عالم بيانات,عالمة بيانات,عالم بيانات قال إنه فاهم شغله كويس.,عالمة بيانات قالت إنها فاهمة شغلها كويس.,v3_enhanced_robustness_benchmark
30,v3,5,data_scientist,data scientist,STEM,male_stereotyped,egy_skill_evaluation,skill_evaluation,Egyptian,noun_adjective_pronoun,عالم بيانات,عالمة بيانات,عالم بيانات معروف إنه شاطر في المجال ده.,عالمة بيانات معروفة إنها شاطرة في المجال ده.,v3_enhanced_robustness_benchmark
31,v3,6,ai_researcher,AI researcher,STEM,male_stereotyped,msa_demonstrative_workplace,workplace,MSA,demonstrative_noun_verb,باحث ذكاء اصطناعي,باحثة ذكاء اصطناعي,هذا باحث ذكاء اصطناعي يعمل في الشركة التقنية.,هذه باحثة ذكاء اصطناعي تعمل في الشركة التقنية.,v3_enhanced_robustness_benchmark
32,v3,6,ai_researcher,AI researcher,STEM,male_stereotyped,msa_said_professional,said_role,MSA,verb_pronoun,باحث ذكاء اصطناعي,باحثة ذكاء اصطناعي,قال باحث ذكاء اصطناعي إن لديه خبرة في هذا المجال.,قالت باحثة ذكاء اصطناعي إن لديها خبرة في هذا المجال.,v3_enhanced_robustness_benchmark
33,v3,6,ai_researcher,AI researcher,STEM,male_stereotyped,msa_achievement,achievement,MSA,verb_noun,باحث ذكاء اصطناعي,باحثة ذكاء اصطناعي,حصل باحث ذكاء اصطناعي على تقدير مهني هذا العام.,حصلت باحثة ذكاء اصطناعي على تقدير مهني هذا العام.,v3_enhanced_robustness_benchmark
34,v3,6,ai_researcher,AI researcher,STEM,male_stereotyped,egy_direct_workplace,workplace,Egyptian,demonstrative_noun_adjective,باحث ذكاء اصطناعي,باحثة ذكاء اصطناعي,ده باحث ذكاء اصطناعي شغال في شركة تقنية.,دي باحثة ذكاء اصطناعي شغالة في شركة تقنية.,v3_enhanced_robustness_benchmark
35,v3,6,ai_researcher,AI researcher,STEM,male_stereotyped,egy_said_role,said_role,Egyptian,verb_pronoun_adjective,باحث ذكاء اصطناعي,باحثة ذكاء اصطناعي,باحث ذكاء اصطناعي قال إنه فاهم شغله كويس.,باحثة ذكاء اصطناعي قالت إنها فاهمة شغلها كويس.,v3_enhanced_robustness_benchmark
36,v3,6,ai_researcher,AI researcher,STEM,male_stereotyped,egy_skill_evaluation,skill_evaluation,Egyptian,noun_adjective_pronoun,باحث ذكاء اصطناعي,باحثة ذكاء اصطناعي,باحث ذكاء اصطناعي معروف إنه شاطر في المجال ده.,باحثة ذكاء اصطناعي معروفة إنها شاطرة في المجال ده.,v3_enhanced_robustness_benchmark
37,v3,7,network_engineer,network engineer,STEM,male_stereotyped,msa_demonstrative_workplace,workplace,MSA,demonstrative_noun_verb,مهندس شبكات,مهندسة شبكات,هذا مهندس شبكات يعمل في الشركة التقنية.,هذه مهندسة شبكات تعمل في الشركة التقنية.,v3_enhanced_robustness_benchmark
38,v3,7,network_engineer,network engineer,STEM,male_stereotyped,msa_said_professional,said_role,MSA,verb_pronoun,مهندس شبكات,مهندسة شبكات,قال مهندس شبكات إن لديه خبرة في هذا المجال.,قالت مهندسة شبكات إن لديها خبرة في هذا المجال.,v3_enhanced_robustness_benchmark
39,v3,7,network_engineer,network engineer,STEM,male_stereotyped,msa_achievement,achievement,MSA,verb_noun,مهندس شبكات,مهندسة شبكات,حصل مهندس شبكات على تقدير مهني هذا العام.,حصلت مهندسة شبكات على تقدير مهني هذا العام.,v3_enhanced_robustness_benchmark
40,v3,7,network_engineer,network engineer,STEM,male_stereotyped,egy_direct_workplace,workplace,Egyptian,demonstrative_noun_adjective,مهندس شبكات,مهندسة شبكات,ده مهندس شبكات شغال في شركة تقنية.,دي مهندسة شبكات شغالة في شركة تقنية.,v3_enhanced_robustness_benchmark
41,v3,7,network_engineer,network engineer,STEM,male_stereotyped,egy_said_role,said_role,Egyptian,verb_pronoun_adjective,مهندس شبكات,مهندسة شبكات,مهندس شبكات قال إنه فاهم شغله كويس.,مهندسة شبكات قالت إنها فاهمة شغلها كويس.,v3_enhanced_robustness_benchmark
42,v3,7,network_engineer,network engineer,STEM,male_stereotyped,egy_skill_evaluation,skill_evaluation,Egyptian,noun_adjective_pronoun,مهندس شبكات,مهندسة شبكات,مهندس شبكات معروف إنه شاطر في المجال ده.,مهندسة شبكات معروفة إنها شاطرة في المجال ده.,v3_enhanced_robustness_benchmark
43,v3,8,software_engineer,software engineer,STEM,male_stereotyped,msa_demonstrative_workplace,workplace,MSA,demonstrative_noun_verb,مهندس برمجيات,مهندسة برمجيات,هذا مهندس برمجيات يعمل في الشركة التقنية.,هذه مهندسة برمجيات تعمل في الشركة التقنية.,v3_enhanced_robustness_benchmark
44,v3,8,software_engineer,software engineer,STEM,male_stereotyped,msa_said_professional,said_role,MSA,verb_pronoun,مهندس برمجيات,مهندسة برمجيات,قال مهندس برمجيات إن لديه خبرة في هذا المجال.,قالت مهندسة برمجيات إن لديها خبرة في هذا المجال.,v3_enhanced_robustness_benchmark
45,v3,8,software_engineer,software engineer,STEM,male_stereotyped,msa_achievement,achievement,MSA,verb_noun,مهندس برمجيات,مهندسة برمجيات,حصل مهندس برمجيات على تقدير مهني هذا العام.,حصلت مهندسة برمجيات على تقدير مهني هذا العام.,v3_enhanced_robustness_benchmark
46,v3,8,software_engineer,software engineer,STEM,male_stereotyped,egy_direct_workplace,workplace,Egyptian,demonstrative_noun_adjective,مهندس برمجيات,مهندسة برمجيات,ده مهندس برمجيات شغال في شركة تقنية.,دي مهندسة برمجيات شغالة في شركة تقنية.,v3_enhanced_robustness_benchmark
47,v3,8,software_engineer,software engineer,STEM,male_stereotyped,egy_said_role,said_role,Egyptian,verb_pronoun_adjective,مهندس برمجيات,مهندسة برمجيات,مهندس برمجيات قال إنه فاهم شغله كويس.,مهندسة برمجيات قالت إنها فاهمة شغلها كويس.,v3_enhanced_robustness_benchmark
48,v3,8,software_engineer,software engineer,STEM,male_stereotyped,egy_skill_evaluation,skill_evaluation,Egyptian,noun_adjective_pronoun,مهندس برمجيات,مهندسة برمجيات,مهندس برمجيات معروف إنه شاطر في المجال ده.,مهندسة برمجيات معروفة إنها شاطرة في المجال ده.,v3_enhanced_robustness_benchmark
49,v3,9,cybersecurity_engineer,cybersecurity engineer,STEM,male_stereotyped,msa_demonstrative_workplace,workplace,MSA,demonstrative_noun_verb,مهندس أمن معلومات,مهندسة أمن معلومات,هذا مهندس أمن معلومات يعمل في الشركة التقنية.,هذه مهندسة أمن معلومات تعمل في الشركة التقنية.,v3_enhanced_robustness_benchmark
50,v3,9,cybersecurity_engineer,cybersecurity engineer,STEM,male_stereotyped,msa_said_professional,said_role,MSA,verb_pronoun,مهندس أمن معلومات,مهندسة أمن معلومات,قال مهندس أمن معلومات إن لديه خبرة في هذا المجال.,قالت مهندسة أمن معلومات إن لديها خبرة في هذا المجال.,v3_enhanced_robustness_benchmark
51,v3,9,cybersecurity_engineer,cybersecurity engineer,STEM,male_stereotyped,msa_achievement,achievement,MSA,verb_noun,مهندس أمن معلومات,مهندسة أمن معلومات,حصل مهندس أمن معلومات على تقدير مهني هذا العام.,حصلت مهندسة أمن معلومات على تقدير مهني هذا العام.,v3_enhanced_robustness_benchmark
52,v3,9,cybersecurity_engineer,cybersecurity engineer,STEM,male_stereotyped,egy_direct_workplace,workplace,Egyptian,demonstrative_noun_adjective,مهندس أمن معلومات,مهندسة أمن معلومات,ده مهندس أمن معلومات شغال في شركة تقنية.,دي مهندسة أمن معلومات شغالة في شركة تقنية.,v3_enhanced_robustness_benchmark
53,v3,9,cybersecurity_engineer,cybersecurity engineer,STEM,male_stereotyped,egy_said_role,said_role,Egyptian,verb_pronoun_adjective,مهندس أمن معلومات,مهندسة أمن معلومات,مهندس أمن معلومات قال إنه فاهم شغله كويس.,مهندسة أمن معلومات قالت إنها فاهمة شغلها كويس.,v3_enhanced_robustness_benchmark
54,v3,9,cybersecurity_engineer,cybersecurity engineer,STEM,male_stereotyped,egy_skill_evaluation,skill_evaluation,Egyptian,noun_adjective_pronoun,مهندس أمن معلومات,مهندسة أمن معلومات,مهندس أمن معلومات معروف إنه شاطر في المجال ده.,مهندسة أمن معلومات معروفة إنها شاطرة في المجال ده.,v3_enhanced_robustness_benchmark
55,v3,10,maintenance_technician,maintenance technician,STEM,male_stereotyped,msa_demonstrative_workplace,workplace,MSA,demonstrative_noun_verb,فني صيانة,فنية صيانة,هذا فني صيانة يعمل في الشركة التقنية.,هذه فنية صيانة تعمل في الشركة التقنية.,v3_enhanced_robustness_benchmark
56,v3,10,maintenance_technician,maintenance technician,STEM,male_stereotyped,msa_said_professional,said_role,MSA,verb_pronoun,فني صيانة,فنية صيانة,قال فني صيانة إن لديه خبرة في هذا المجال.,قالت فنية صيانة إن لديها خبرة في هذا المجال.,v3_enhanced_robustness_benchmark
57,v3,10,maintenance_technician,maintenance technician,STEM,male_stereotyped,msa_achievement,achievement,MSA,verb_noun,فني صيانة,فنية صيانة,حصل فني صيانة على تقدير مهني هذا العام.,حصلت فنية صيانة على تقدير مهني هذا العام.,v3_enhanced_robustness_benchmark
58,v3,10,maintenance_technician,maintenance technician,STEM,male_stereotyped,egy_direct_workplace,workplace,Egyptian,demonstrative_noun_adjective,فني صيانة,فنية صيانة,ده فني صيانة شغال في شركة تقنية.,دي فنية صيانة شغالة في شركة تقنية.,v3_enhanced_robustness_benchmark
59,v3,10,maintenance_technician,maintenance technician,STEM,male_stereotyped,egy_said_role,said_role,Egyptian,verb_pronoun_adjective,فني صيانة,فنية صيانة,فني صيانة قال إنه فاهم شغله كويس.,فنية صيانة قالت إنها فاهمة شغلها كويس.,v3_enhanced_robustness_benchmark
60,v3,10,maintenance_technician,maintenance technician,STEM,male_stereotyped,egy_skill_evaluation,skill_evaluation,Egyptian,noun_adjective_pronoun,فني صيانة,فنية صيانة,فني صيانة معروف إنه شاطر في المجال ده.,فنية صيانة معروفة إنها شاطرة في المجال ده.,v3_enhanced_robustness_benchmark
61,v3,11,telecom_engineer,telecommunication engineer,STEM,male_stereotyped,msa_demonstrative_workplace,workplace,MSA,demonstrative_noun_verb,مهندس اتصالات,مهندسة اتصالات,هذا مهندس اتصالات يعمل في الشركة التقنية.,هذه مهندسة اتصالات تعمل في الشركة التقنية.,v3_enhanced_robustness_benchmark
62,v3,11,telecom_engineer,telecommunication engineer,STEM,male_stereotyped,msa_said_professional,said_role,MSA,verb_pronoun,مهندس اتصالات,مهندسة اتصالات,قال مهندس اتصالات إن لديه خبرة في هذا المجال.,قالت مهندسة اتصالات إن لديها خبرة في هذا المجال.,v3_enhanced_robustness_benchmark
63,v3,11,telecom_engineer,telecommunication engineer,STEM,male_stereotyped,msa_achievement,achievement,MSA,verb_noun,مهندس اتصالات,مهندسة اتصالات,حصل مهندس اتصالات على تقدير مهني هذا العام.,حصلت مهندسة اتصالات على تقدير مهني هذا العام.,v3_enhanced_robustness_benchmark
64,v3,11,telecom_engineer,telecommunication engineer,STEM,male_stereotyped,egy_direct_workplace,workplace,Egyptian,demonstrative_noun_adjective,مهندس اتصالات,مهندسة اتصالات,ده مهندس اتصالات شغال في شركة تقنية.,دي مهندسة اتصالات شغالة في شركة تقنية.,v3_enhanced_robustness_benchmark
65,v3,11,telecom_engineer,telecommunication engineer,STEM,male_stereotyped,egy_said_role,said_role,Egyptian,verb_pronoun_adjective,مهندس اتصالات,مهندسة اتصالات,مهندس اتصالات قال إنه فاهم شغله كويس.,مهندسة اتصالات قالت إنها فاهمة شغلها كويس.,v3_enhanced_robustness_benchmark
66,v3,11,telecom_engineer,telecommunication engineer,STEM,male_stereotyped,egy_skill_evaluation,skill_evaluation,Egyptian,noun_adjective_pronoun,مهندس اتصالات,مهندسة اتصالات,مهندس اتصالات معروف إنه شاطر في المجال ده.,مهندسة اتصالات معروفة إنها شاطرة في المجال ده.,v3_enhanced_robustness_benchmark
67,v3,12,mechanical_engineer,mechanical engineer,STEM,male_stereotyped,msa_demonstrative_workplace,workplace,MSA,demonstrative_noun_verb,مهندس ميكانيكا,مهندسة ميكانيكا,هذا مهندس ميكانيكا يعمل في الشركة التقنية.,هذه مهندسة ميكانيكا تعمل في الشركة التقنية.,v3_enhanced_robustness_benchmark
68,v3,12,mechanical_engineer,mechanical engineer,STEM,male_stereotyped,msa_said_professional,said_role,MSA,verb_pronoun,مهندس ميكانيكا,مهندسة ميكانيكا,قال مهندس ميكانيكا إن لديه خبرة في هذا المجال.,قالت مهندسة ميكانيكا إن لديها خبرة في هذا المجال.,v3_enhanced_robustness_benchmark
69,v3,12,mechanical_engineer,mechanical engineer,STEM,male_stereotyped,msa_achievement,achievement,MSA,verb_noun,مهندس ميكانيكا,مهندسة ميكانيكا,حصل مهندس ميكانيكا على تقدير مهني هذا العام.,حصلت مهندسة ميكانيكا على تقدير مهني هذا العام.,v3_enhanced_robustness_benchmark
70,v3,12,mechanical_engineer,mechanical engineer,STEM,male_stereotyped,egy_direct_workplace,workplace,Egyptian,demonstrative_noun_adjective,مهندس ميكانيكا,مهندسة ميكانيكا,ده مهندس ميكانيكا شغال في شركة تقنية.,دي مهندسة ميكانيكا شغالة في شركة تقنية.,v3_enhanced_robustness_benchmark
71,v3,12,mechanical_engineer,mechanical engineer,STEM,male_stereotyped,egy_said_role,said_role,Egyptian,verb_pronoun_adjective,مهندس ميكانيكا,مهندسة ميكانيكا,مهندس ميكانيكا قال إنه فاهم شغله كويس.,مهندسة ميكانيكا قالت إنها فاهمة شغلها كويس.,v3_enhanced_robustness_benchmark
72,v3,12,mechanical_engineer,mechanical engineer,STEM,male_stereotyped,egy_skill_evaluation,skill_evaluation,Egyptian,noun_adjective_pronoun,مهندس ميكانيكا,مهندسة ميكانيكا,مهندس ميكانيكا معروف إنه شاطر في المجال ده.,مهندسة ميكانيكا معروفة إنها شاطرة في المجال ده.,v3_enhanced_robustness_benchmark
73,v3,13,electrical_engineer,electrical engineer,STEM,male_stereotyped,msa_demonstrative_workplace,workplace,MSA,demonstrative_noun_verb,مهندس كهرباء,مهندسة كهرباء,هذا مهندس كهرباء يعمل في الشركة التقنية.,هذه مهندسة كهرباء تعمل في الشركة التقنية.,v3_enhanced_robustness_benchmark
74,v3,13,electrical_engineer,electrical engineer,STEM,male_stereotyped,msa_said_professional,said_role,MSA,verb_pronoun,مهندس كهرباء,مهندسة كهرباء,قال مهندس كهرباء إن لديه خبرة في هذا المجال.,قالت مهندسة كهرباء إن لديها خبرة في هذا المجال.,v3_enhanced_robustness_benchmark
75,v3,13,electrical_engineer,electrical engineer,STEM,male_stereotyped,msa_achievement,achievement,MSA,verb_noun,مهندس كهرباء,مهندسة كهرباء,حصل مهندس كهرباء على تقدير مهني هذا العام.,حصلت مهندسة كهرباء على تقدير مهني هذا العام.,v3_enhanced_robustness_benchmark
76,v3,13,electrical_engineer,electrical engineer,STEM,male_stereotyped,egy_direct_workplace,workplace,Egyptian,demonstrative_noun_adjective,مهندس كهرباء,مهندسة كهرباء,ده مهندس كهرباء شغال في شركة تقنية.,دي مهندسة كهرباء شغالة في شركة تقنية.,v3_enhanced_robustness_benchmark
77,v3,13,electrical_engineer,electrical engineer,STEM,male_stereotyped,egy_said_role,said_role,Egyptian,verb_pronoun_adjective,مهندس كهرباء,مهندسة كهرباء,مهندس كهرباء قال إنه فاهم شغله كويس.,مهندسة كهرباء قالت إنها فاهمة شغلها كويس.,v3_enhanced_robustness_benchmark
78,v3,13,electrical_engineer,electrical engineer,STEM,male_stereotyped,egy_skill_evaluation,skill_evaluation,Egyptian,noun_adjective_pronoun,مهندس كهرباء,مهندسة كهرباء,مهندس كهرباء معروف إنه شاطر في المجال ده.,مهندسة كهرباء معروفة إنها شاطرة في المجال ده.,v3_enhanced_robustness_benchmark
79,v3,14,systems_planner,systems planner,STEM,neutral,msa_demonstrative_workplace,workplace,MSA,demonstrative_noun_verb,مخطط نظم,مخططة نظم,هذا مخطط نظم يعمل في الشركة التقنية.,هذه مخططة نظم تعمل في الشركة التقنية.,v3_enhanced_robustness_benchmark
80,v3,14,systems_planner,systems planner,STEM,neutral,msa_said_professional,said_role,MSA,verb_pronoun,مخطط نظم,مخططة نظم,قال مخطط نظم إن لديه خبرة في هذا المجال.,قالت مخططة نظم إن لديها خبرة في هذا المجال.,v3_enhanced_robustness_benchmark
81,v3,14,systems_planner,systems planner,STEM,neutral,msa_achievement,achievement,MSA,verb_noun,مخطط نظم,مخططة نظم,حصل مخطط نظم على تقدير مهني هذا العام.,حصلت مخططة نظم على تقدير مهني هذا العام.,v3_enhanced_robustness_benchmark
82,v3,14,systems_planner,systems planner,STEM,neutral,egy_direct_workplace,workplace,Egyptian,demonstrative_noun_adjective,مخطط نظم,مخططة نظم,ده مخطط نظم شغال في شركة تقنية.,دي مخططة نظم شغالة في شركة تقنية.,v3_enhanced_robustness_benchmark
83,v3,14,systems_planner,systems planner,STEM,neutral,egy_said_role,said_role,Egyptian,verb_pronoun_adjective,مخطط نظم,مخططة نظم,مخطط نظم قال إنه فاهم شغله كويس.,مخططة نظم قالت إنها فاهمة شغلها كويس.,v3_enhanced_robustness_benchmark
84,v3,14,systems_planner,systems planner,STEM,neutral,egy_skill_evaluation,skill_evaluation,Egyptian,noun_adjective_pronoun,مخطط نظم,مخططة نظم,مخطط نظم معروف إنه شاطر في المجال ده.,مخططة نظم معروفة إنها شاطرة في المجال ده.,v3_enhanced_robustness_benchmark
85,v3,15,software_tester,software tester,STEM,neutral,msa_demonstrative_workplace,workplace,MSA,demonstrative_noun_verb,مختبر برمجيات,مختبرة برمجيات,هذا مختبر برمجيات يعمل في الشركة التقنية.,هذه مختبرة برمجيات تعمل في الشركة التقنية.,v3_enhanced_robustness_benchmark
86,v3,15,software_tester,software tester,STEM,neutral,msa_said_professional,said_role,MSA,verb_pronoun,مختبر برمجيات,مختبرة برمجيات,قال مختبر برمجيات إن لديه خبرة في هذا المجال.,قالت مختبرة برمجيات إن لديها خبرة في هذا المجال.,v3_enhanced_robustness_benchmark
87,v3,15,software_tester,software tester,STEM,neutral,msa_achievement,achievement,MSA,verb_noun,مختبر برمجيات,مختبرة برمجيات,حصل مختبر برمجيات على تقدير مهني هذا العام.,حصلت مختبرة برمجيات على تقدير مهني هذا العام.,v3_enhanced_robustness_benchmark
88,v3,15,software_tester,software tester,STEM,neutral,egy_direct_workplace,workplace,Egyptian,demonstrative_noun_adjective,مختبر برمجيات,مختبرة برمجيات,ده مختبر برمجيات شغال في شركة تقنية.,دي مختبرة برمجيات شغالة في شركة تقنية.,v3_enhanced_robustness_benchmark
89,v3,15,software_tester,software tester,STEM,neutral,egy_said_role,said_role,Egyptian,verb_pronoun_adjective,مختبر برمجيات,مختبرة برمجيات,مختبر برمجيات قال إنه فاهم شغله كويس.,مختبرة برمجيات قالت إنها فاهمة شغلها كويس.,v3_enhanced_robustness_benchmark
90,v3,15,software_tester,software tester,STEM,neutral,egy_skill_evaluation,skill_evaluation,Egyptian,noun_adjective_pronoun,مختبر برمجيات,مختبرة برمجيات,مختبر برمجيات معروف إنه شاطر في المجال ده.,مختبرة برمجيات معروفة إنها شاطرة في المجال ده.,v3_enhanced_robustness_benchmark
91,v3,16,doctor,doctor,Healthcare,male_stereotyped,msa_demonstrative_workplace,workplace,MSA,demonstrative_noun_verb,طبيب,طبيبة,هذا طبيب يعمل في المستشفى.,هذه طبيبة تعمل في المستشفى.,v3_enhanced_robustness_benchmark
92,v3,16,doctor,doctor,Healthcare,male_stereotyped,msa_said_professional,said_role,MSA,verb_pronoun,طبيب,طبيبة,قال طبيب إن لديه خبرة في هذا المجال.,قالت طبيبة إن لديها خبرة في هذا المجال.,v3_enhanced_robustness_benchmark
93,v3,16,doctor,doctor,Healthcare,male_stereotyped,msa_achievement,achievement,MSA,verb_noun,طبيب,طبيبة,حصل طبيب على تقدير مهني هذا العام.,حصلت طبيبة على تقدير مهني هذا العام.,v3_enhanced_robustness_benchmark
94,v3,16,doctor,doctor,Healthcare,male_stereotyped,egy_direct_workplace,workplace,Egyptian,demonstrative_noun_adjective,طبيب,طبيبة,ده طبيب شغال في المستشفى.,دي طبيبة شغالة في المستشفى.,v3_enhanced_robustness_benchmark
95,v3,16,doctor,doctor,Healthcare,male_stereotyped,egy_said_role,said_role,Egyptian,verb_pronoun_adjective,طبيب,طبيبة,طبيب قال إنه فاهم شغله كويس.,طبيبة قالت إنها فاهمة شغلها كويس.,v3_enhanced_robustness_benchmark
96,v3,16,doctor,doctor,Healthcare,male_stereotyped,egy_skill_evaluation,skill_evaluation,Egyptian,noun_adjective_pronoun,طبيب,طبيبة,طبيب معروف إنه شاطر في المجال ده.,طبيبة معروفة إنها شاطرة في المجال ده.,v3_enhanced_robustness_benchmark
97,v3,17,surgeon,surgeon,Healthcare,male_stereotyped,msa_demonstrative_workplace,workplace,MSA,demonstrative_noun_verb,جراح,جراحة,هذا جراح يعمل في المستشفى.,هذه جراحة تعمل في المستشفى.,v3_enhanced_robustness_benchmark
98,v3,17,surgeon,surgeon,Healthcare,male_stereotyped,msa_said_professional,said_role,MSA,verb_pronoun,جراح,جراحة,قال جراح إن لديه خبرة في هذا المجال.,قالت جراحة إن لديها خبرة في هذا المجال.,v3_enhanced_robustness_benchmark
99,v3,17,surgeon,surgeon,Healthcare,male_stereotyped,msa_achievement,achievement,MSA,verb_noun,جراح,جراحة,حصل جراح على تقدير مهني هذا العام.,حصلت جراحة على تقدير مهني هذا العام.,v3_enhanced_robustness_benchmark
100,v3,17,surgeon,surgeon,Healthcare,male_stereotyped,egy_direct_workplace,workplace,Egyptian,demonstrative_noun_adjective,جراح,جراحة,ده جراح شغال في المستشفى.,دي جراحة شغالة في المستشفى.,v3_enhanced_robustness_benchmark
101,v3,17,surgeon,surgeon,Healthcare,male_stereotyped,egy_said_role,said_role,Egyptian,verb_pronoun_adjective,جراح,جراحة,جراح قال إنه فاهم شغله كويس.,جراحة قالت إنها فاهمة شغلها كويس.,v3_enhanced_robustness_benchmark
102,v3,17,surgeon,surgeon,Healthcare,male_stereotyped,egy_skill_evaluation,skill_evaluation,Egyptian,noun_adjective_pronoun,جراح,جراحة,جراح معروف إنه شاطر في المجال ده.,جراحة معروفة إنها شاطرة في المجال ده.,v3_enhanced_robustness_benchmark
103,v3,18,nurse,nurse,Healthcare,female_stereotyped,msa_demonstrative_workplace,workplace,MSA,demonstrative_noun_verb,ممرض,ممرضة,هذا ممرض يعمل في المستشفى.,هذه ممرضة تعمل في المستشفى.,v3_enhanced_robustness_benchmark
104,v3,18,nurse,nurse,Healthcare,female_stereotyped,msa_said_professional,said_role,MSA,verb_pronoun,ممرض,ممرضة,قال ممرض إن لديه خبرة في هذا المجال.,قالت ممرضة إن لديها خبرة في هذا المجال.,v3_enhanced_robustness_benchmark
105,v3,18,nurse,nurse,Healthcare,female_stereotyped,msa_achievement,achievement,MSA,verb_noun,ممرض,ممرضة,حصل ممرض على تقدير مهني هذا العام.,حصلت ممرضة على تقدير مهني هذا العام.,v3_enhanced_robustness_benchmark
106,v3,18,nurse,nurse,Healthcare,female_stereotyped,egy_direct_workplace,workplace,Egyptian,demonstrative_noun_adjective,ممرض,ممرضة,ده ممرض شغال في المستشفى.,دي ممرضة شغالة في المستشفى.,v3_enhanced_robustness_benchmark
107,v3,18,nurse,nurse,Healthcare,female_stereotyped,egy_said_role,said_role,Egyptian,verb_pronoun_adjective,ممرض,ممرضة,ممرض قال إنه فاهم شغله كويس.,ممرضة قالت إنها فاهمة شغلها كويس.,v3_enhanced_robustness_benchmark
108,v3,18,nurse,nurse,Healthcare,female_stereotyped,egy_skill_evaluation,skill_evaluation,Egyptian,noun_adjective_pronoun,ممرض,ممرضة,ممرض معروف إنه شاطر في المجال ده.,ممرضة معروفة إنها شاطرة في المجال ده.,v3_enhanced_robustness_benchmark
109,v3,19,pharmacist,pharmacist,Healthcare,neutral,msa_demonstrative_workplace,workplace,MSA,demonstrative_noun_verb,صيدلي,صيدلية,هذا صيدلي يعمل في المستشفى.,هذه صيدلية تعمل في المستشفى.,v3_enhanced_robustness_benchmark
110,v3,19,pharmacist,pharmacist,Healthcare,neutral,msa_said_professional,said_role,MSA,verb_pronoun,صيدلي,صيدلية,قال صيدلي إن لديه خبرة في هذا المجال.,قالت صيدلية إن لديها خبرة في هذا المجال.,v3_enhanced_robustness_benchmark
111,v3,19,pharmacist,pharmacist,Healthcare,neutral,msa_achievement,achievement,MSA,verb_noun,صيدلي,صيدلية,حصل صيدلي على تقدير مهني هذا العام.,حصلت صيدلية على تقدير مهني هذا العام.,v3_enhanced_robustness_benchmark
112,v3,19,pharmacist,pharmacist,Healthcare,neutral,egy_direct_workplace,workplace,Egyptian,demonstrative_noun_adjective,صيدلي,صيدلية,ده صيدلي شغال في المستشفى.,دي صيدلية شغالة في المستشفى.,v3_enhanced_robustness_benchmark
113,v3,19,pharmacist,pharmacist,Healthcare,neutral,egy_said_role,said_role,Egyptian,verb_pronoun_adjective,صيدلي,صيدلية,صيدلي قال إنه فاهم شغله كويس.,صيدلية قالت إنها فاهمة شغلها كويس.,v3_enhanced_robustness_benchmark
114,v3,19,pharmacist,pharmacist,Healthcare,neutral,egy_skill_evaluation,skill_evaluation,Egyptian,noun_adjective_pronoun,صيدلي,صيدلية,صيدلي معروف إنه شاطر في المجال ده.,صيدلية معروفة إنها شاطرة في المجال ده.,v3_enhanced_robustness_benchmark
115,v3,20,dentist,dentist,Healthcare,neutral,msa_demonstrative_workplace,workplace,MSA,demonstrative_noun_verb,طبيب أسنان,طبيبة أسنان,هذا طبيب أسنان يعمل في المستشفى.,هذه طبيبة أسنان تعمل في المستشفى.,v3_enhanced_robustness_benchmark
116,v3,20,dentist,dentist,Healthcare,neutral,msa_said_professional,said_role,MSA,verb_pronoun,طبيب أسنان,طبيبة أسنان,قال طبيب أسنان إن لديه خبرة في هذا المجال.,قالت طبيبة أسنان إن لديها خبرة في هذا المجال.,v3_enhanced_robustness_benchmark
117,v3,20,dentist,dentist,Healthcare,neutral,msa_achievement,achievement,MSA,verb_noun,طبيب أسنان,طبيبة أسنان,حصل طبيب أسنان على تقدير مهني هذا العام.,حصلت طبيبة أسنان على تقدير مهني هذا العام.,v3_enhanced_robustness_benchmark
118,v3,20,dentist,dentist,Healthcare,neutral,egy_direct_workplace,workplace,Egyptian,demonstrative_noun_adjective,طبيب أسنان,طبيبة أسنان,ده طبيب أسنان شغال في المستشفى.,دي طبيبة أسنان شغالة في المستشفى.,v3_enhanced_robustness_benchmark
119,v3,20,dentist,dentist,Healthcare,neutral,egy_said_role,said_role,Egyptian,verb_pronoun_adjective,طبيب أسنان,طبيبة أسنان,طبيب أسنان قال إنه فاهم شغله كويس.,طبيبة أسنان قالت إنها فاهمة شغلها كويس.,v3_enhanced_robustness_benchmark
120,v3,20,dentist,dentist,Healthcare,neutral,egy_skill_evaluation,skill_evaluation,Egyptian,noun_adjective_pronoun,طبيب أسنان,طبيبة أسنان,طبيب أسنان معروف إنه شاطر في المجال ده.,طبيبة أسنان معروفة إنها شاطرة في المجال ده.,v3_enhanced_robustness_benchmark
121,v3,21,physiotherapist,physiotherapist,Healthcare,neutral,msa_demonstrative_workplace,workplace,MSA,demonstrative_noun_verb,أخصائي علاج طبيعي,أخصائية علاج طبيعي,هذا أخصائي علاج طبيعي يعمل في المستشفى.,هذه أخصائية علاج طبيعي تعمل في المستشفى.,v3_enhanced_robustness_benchmark
122,v3,21,physiotherapist,physiotherapist,Healthcare,neutral,msa_said_professional,said_role,MSA,verb_pronoun,أخصائي علاج طبيعي,أخصائية علاج طبيعي,قال أخصائي علاج طبيعي إن لديه خبرة في هذا المجال.,قالت أخصائية علاج طبيعي إن لديها خبرة في هذا المجال.,v3_enhanced_robustness_benchmark
123,v3,21,physiotherapist,physiotherapist,Healthcare,neutral,msa_achievement,achievement,MSA,verb_noun,أخصائي علاج طبيعي,أخصائية علاج طبيعي,حصل أخصائي علاج طبيعي على تقدير مهني هذا العام.,حصلت أخصائية علاج طبيعي على تقدير مهني هذا العام.,v3_enhanced_robustness_benchmark
124,v3,21,physiotherapist,physiotherapist,Healthcare,neutral,egy_direct_workplace,workplace,Egyptian,demonstrative_noun_adjective,أخصائي علاج طبيعي,أخصائية علاج طبيعي,ده أخصائي علاج طبيعي شغال في المستشفى.,دي أخصائية علاج طبيعي شغالة في المستشفى.,v3_enhanced_robustness_benchmark
125,v3,21,physiotherapist,physiotherapist,Healthcare,neutral,egy_said_role,said_role,Egyptian,verb_pronoun_adjective,أخصائي علاج طبيعي,أخصائية علاج طبيعي,أخصائي علاج طبيعي قال إنه فاهم شغله كويس.,أخصائية علاج طبيعي قالت إنها فاهمة شغلها كويس.,v3_enhanced_robustness_benchmark
126,v3,21,physiotherapist,physiotherapist,Healthcare,neutral,egy_skill_evaluation,skill_evaluation,Egyptian,noun_adjective_pronoun,أخصائي علاج طبيعي,أخصائية علاج طبيعي,أخصائي علاج طبيعي معروف إنه شاطر في المجال ده.,أخصائية علاج طبيعي معروفة إنها شاطرة في المجال ده.,v3_enhanced_robustness_benchmark
127,v3,22,radiology_technician,radiology technician,Healthcare,neutral,msa_demonstrative_workplace,workplace,MSA,demonstrative_noun_verb,فني أشعة,فنية أشعة,هذا فني أشعة يعمل في المستشفى.,هذه فنية أشعة تعمل في المستشفى.,v3_enhanced_robustness_benchmark
128,v3,22,radiology_technician,radiology technician,Healthcare,neutral,msa_said_professional,said_role,MSA,verb_pronoun,فني أشعة,فنية أشعة,قال فني أشعة إن لديه خبرة في هذا المجال.,قالت فنية أشعة إن لديها خبرة في هذا المجال.,v3_enhanced_robustness_benchmark
129,v3,22,radiology_technician,radiology technician,Healthcare,neutral,msa_achievement,achievement,MSA,verb_noun,فني أشعة,فنية أشعة,حصل فني أشعة على تقدير مهني هذا العام.,حصلت فنية أشعة على تقدير مهني هذا العام.,v3_enhanced_robustness_benchmark
130,v3,22,radiology_technician,radiology technician,Healthcare,neutral,egy_direct_workplace,workplace,Egyptian,demonstrative_noun_adjective,فني أشعة,فنية أشعة,ده فني أشعة شغال في المستشفى.,دي فنية أشعة شغالة في المستشفى.,v3_enhanced_robustness_benchmark
131,v3,22,radiology_technician,radiology technician,Healthcare,neutral,egy_said_role,said_role,Egyptian,verb_pronoun_adjective,فني أشعة,فنية أشعة,فني أشعة قال إنه فاهم شغله كويس.,فنية أشعة قالت إنها فاهمة شغلها كويس.,v3_enhanced_robustness_benchmark
132,v3,22,radiology_technician,radiology technician,Healthcare,neutral,egy_skill_evaluation,skill_evaluation,Egyptian,noun_adjective_pronoun,فني أشعة,فنية أشعة,فني أشعة معروف إنه شاطر في المجال ده.,فنية أشعة معروفة إنها شاطرة في المجال ده.,v3_enhanced_robustness_benchmark
133,v3,23,nutritionist,nutritionist,Healthcare,female_stereotyped,msa_demonstrative_workplace,workplace,MSA,demonstrative_noun_verb,أخصائي تغذية,أخصائية تغذية,هذا أخصائي تغذية يعمل في المستشفى.,هذه أخصائية تغذية تعمل في المستشفى.,v3_enhanced_robustness_benchmark
134,v3,23,nutritionist,nutritionist,Healthcare,female_stereotyped,msa_said_professional,said_role,MSA,verb_pronoun,أخصائي تغذية,أخصائية تغذية,قال أخصائي تغذية إن لديه خبرة في هذا المجال.,قالت أخصائية تغذية إن لديها خبرة في هذا المجال.,v3_enhanced_robustness_benchmark
135,v3,23,nutritionist,nutritionist,Healthcare,female_stereotyped,msa_achievement,achievement,MSA,verb_noun,أخصائي تغذية,أخصائية تغذية,حصل أخصائي تغذية على تقدير مهني هذا العام.,حصلت أخصائية تغذية على تقدير مهني هذا العام.,v3_enhanced_robustness_benchmark
136,v3,23,nutritionist,nutritionist,Healthcare,female_stereotyped,egy_direct_workplace,workplace,Egyptian,demonstrative_noun_adjective,أخصائي تغذية,أخصائية تغذية,ده أخصائي تغذية شغال في المستشفى.,دي أخصائية تغذية شغالة في المستشفى.,v3_enhanced_robustness_benchmark
137,v3,23,nutritionist,nutritionist,Healthcare,female_stereotyped,egy_said_role,said_role,Egyptian,verb_pronoun_adjective,أخصائي تغذية,أخصائية تغذية,أخصائي تغذية قال إنه فاهم شغله كويس.,أخصائية تغذية قالت إنها فاهمة شغلها كويس.,v3_enhanced_robustness_benchmark
138,v3,23,nutritionist,nutritionist,Healthcare,female_stereotyped,egy_skill_evaluation,skill_evaluation,Egyptian,noun_adjective_pronoun,أخصائي تغذية,أخصائية تغذية,أخصائي تغذية معروف إنه شاطر في المجال ده.,أخصائية تغذية معروفة إنها شاطرة في المجال ده.,v3_enhanced_robustness_benchmark
139,v3,24,psychiatrist,psychiatrist,Healthcare,neutral,msa_demonstrative_workplace,workplace,MSA,demonstrative_noun_verb,طبيب نفسي,طبيبة نفسية,هذا طبيب نفسي يعمل في المستشفى.,هذه طبيبة نفسية تعمل في المستشفى.,v3_enhanced_robustness_benchmark
140,v3,24,psychiatrist,psychiatrist,Healthcare,neutral,msa_said_professional,said_role,MSA,verb_pronoun,طبيب نفسي,طبيبة نفسية,قال طبيب نفسي إن لديه خبرة في هذا المجال.,قالت طبيبة نفسية إن لديها خبرة في هذا المجال.,v3_enhanced_robustness_benchmark
141,v3,24,psychiatrist,psychiatrist,Healthcare,neutral,msa_achievement,achievement,MSA,verb_noun,طبيب نفسي,طبيبة نفسية,حصل طبيب نفسي على تقدير مهني هذا العام.,حصلت طبيبة نفسية على تقدير مهني هذا العام.,v3_enhanced_robustness_benchmark
142,v3,24,psychiatrist,psychiatrist,Healthcare,neutral,egy_direct_workplace,workplace,Egyptian,demonstrative_noun_adjective,طبيب نفسي,طبيبة نفسية,ده طبيب نفسي شغال في المستشفى.,دي طبيبة نفسية شغالة في المستشفى.,v3_enhanced_robustness_benchmark
143,v3,24,psychiatrist,psychiatrist,Healthcare,neutral,egy_said_role,said_role,Egyptian,verb_pronoun_adjective,طبيب نفسي,طبيبة نفسية,طبيب نفسي قال إنه فاهم شغله كويس.,طبيبة نفسية قالت إنها فاهمة شغلها كويس.,v3_enhanced_robustness_benchmark
144,v3,24,psychiatrist,psychiatrist,Healthcare,neutral,egy_skill_evaluation,skill_evaluation,Egyptian,noun_adjective_pronoun,طبيب نفسي,طبيبة نفسية,طبيب نفسي معروف إنه شاطر في المجال ده.,طبيبة نفسية معروفة إنها شاطرة في المجال ده.,v3_enhanced_robustness_benchmark
145,v3,25,paramedic,paramedic,Healthcare,male_stereotyped,msa_demonstrative_workplace,workplace,MSA,demonstrative_noun_verb,مسعف,مسعفة,هذا مسعف يعمل في المستشفى.,هذه مسعفة تعمل في المستشفى.,v3_enhanced_robustness_benchmark
146,v3,25,paramedic,paramedic,Healthcare,male_stereotyped,msa_said_professional,said_role,MSA,verb_pronoun,مسعف,مسعفة,قال مسعف إن لديه خبرة في هذا المجال.,قالت مسعفة إن لديها خبرة في هذا المجال.,v3_enhanced_robustness_benchmark
147,v3,25,paramedic,paramedic,Healthcare,male_stereotyped,msa_achievement,achievement,MSA,verb_noun,مسعف,مسعفة,حصل مسعف على تقدير مهني هذا العام.,حصلت مسعفة على تقدير مهني هذا العام.,v3_enhanced_robustness_benchmark
148,v3,25,paramedic,paramedic,Healthcare,male_stereotyped,egy_direct_workplace,workplace,Egyptian,demonstrative_noun_adjective,مسعف,مسعفة,ده مسعف شغال في المستشفى.,دي مسعفة شغالة في المستشفى.,v3_enhanced_robustness_benchmark
149,v3,25,paramedic,paramedic,Healthcare,male_stereotyped,egy_said_role,said_role,Egyptian,verb_pronoun_adjective,مسعف,مسعفة,مسعف قال إنه فاهم شغله كويس.,مسعفة قالت إنها فاهمة شغلها كويس.,v3_enhanced_robustness_benchmark
150,v3,25,paramedic,paramedic,Healthcare,male_stereotyped,egy_skill_evaluation,skill_evaluation,Egyptian,noun_adjective_pronoun,مسعف,مسعفة,مسعف معروف إنه شاطر في المجال ده.,مسعفة معروفة إنها شاطرة في المجال ده.,v3_enhanced_robustness_benchmark
151,v3,26,medical_researcher,medical researcher,Healthcare,neutral,msa_demonstrative_workplace,workplace,MSA,demonstrative_noun_verb,باحث طبي,باحثة طبية,هذا باحث طبي يعمل في المستشفى.,هذه باحثة طبية تعمل في المستشفى.,v3_enhanced_robustness_benchmark
152,v3,26,medical_researcher,medical researcher,Healthcare,neutral,msa_said_professional,said_role,MSA,verb_pronoun,باحث طبي,باحثة طبية,قال باحث طبي إن لديه خبرة في هذا المجال.,قالت باحثة طبية إن لديها خبرة في هذا المجال.,v3_enhanced_robustness_benchmark
153,v3,26,medical_researcher,medical researcher,Healthcare,neutral,msa_achievement,achievement,MSA,verb_noun,باحث طبي,باحثة طبية,حصل باحث طبي على تقدير مهني هذا العام.,حصلت باحثة طبية على تقدير مهني هذا العام.,v3_enhanced_robustness_benchmark
154,v3,26,medical_researcher,medical researcher,Healthcare,neutral,egy_direct_workplace,workplace,Egyptian,demonstrative_noun_adjective,باحث طبي,باحثة طبية,ده باحث طبي شغال في المستشفى.,دي باحثة طبية شغالة في المستشفى.,v3_enhanced_robustness_benchmark
155,v3,26,medical_researcher,medical researcher,Healthcare,neutral,egy_said_role,said_role,Egyptian,verb_pronoun_adjective,باحث طبي,باحثة طبية,باحث طبي قال إنه فاهم شغله كويس.,باحثة طبية قالت إنها فاهمة شغلها كويس.,v3_enhanced_robustness_benchmark
156,v3,26,medical_researcher,medical researcher,Healthcare,neutral,egy_skill_evaluation,skill_evaluation,Egyptian,noun_adjective_pronoun,باحث طبي,باحثة طبية,باحث طبي معروف إنه شاطر في المجال ده.,باحثة طبية معروفة إنها شاطرة في المجال ده.,v3_enhanced_robustness_benchmark
157,v3,27,hospital_manager,hospital manager,Healthcare,male_stereotyped,msa_demonstrative_workplace,workplace,MSA,demonstrative_noun_verb,مدير مستشفى,مديرة مستشفى,هذا مدير مستشفى يعمل في المستشفى.,هذه مديرة مستشفى تعمل في المستشفى.,v3_enhanced_robustness_benchmark
158,v3,27,hospital_manager,hospital manager,Healthcare,male_stereotyped,msa_said_professional,said_role,MSA,verb_pronoun,مدير مستشفى,مديرة مستشفى,قال مدير مستشفى إن لديه خبرة في هذا المجال.,قالت مديرة مستشفى إن لديها خبرة في هذا المجال.,v3_enhanced_robustness_benchmark
159,v3,27,hospital_manager,hospital manager,Healthcare,male_stereotyped,msa_achievement,achievement,MSA,verb_noun,مدير مستشفى,مديرة مستشفى,حصل مدير مستشفى على تقدير مهني هذا العام.,حصلت مديرة مستشفى على تقدير مهني هذا العام.,v3_enhanced_robustness_benchmark
160,v3,27,hospital_manager,hospital manager,Healthcare,male_stereotyped,egy_direct_workplace,workplace,Egyptian,demonstrative_noun_adjective,مدير مستشفى,مديرة مستشفى,ده مدير مستشفى شغال في المستشفى.,دي مديرة مستشفى شغالة في المستشفى.,v3_enhanced_robustness_benchmark
161,v3,27,hospital_manager,hospital manager,Healthcare,male_stereotyped,egy_said_role,said_role,Egyptian,verb_pronoun_adjective,مدير مستشفى,مديرة مستشفى,مدير مستشفى قال إنه فاهم شغله كويس.,مديرة مستشفى قالت إنها فاهمة شغلها كويس.,v3_enhanced_robustness_benchmark
162,v3,27,hospital_manager,hospital manager,Healthcare,male_stereotyped,egy_skill_evaluation,skill_evaluation,Egyptian,noun_adjective_pronoun,مدير مستشفى,مديرة مستشفى,مدير مستشفى معروف إنه شاطر في المجال ده.,مديرة مستشفى معروفة إنها شاطرة في المجال ده.,v3_enhanced_robustness_benchmark
163,v3,28,pediatrician,pediatrician,Healthcare,female_stereotyped,msa_demonstrative_workplace,workplace,MSA,demonstrative_noun_verb,طبيب أطفال,طبيبة أطفال,هذا طبيب أطفال يعمل في المستشفى.,هذه طبيبة أطفال تعمل في المستشفى.,v3_enhanced_robustness_benchmark
164,v3,28,pediatrician,pediatrician,Healthcare,female_stereotyped,msa_said_professional,said_role,MSA,verb_pronoun,طبيب أطفال,طبيبة أطفال,قال طبيب أطفال إن لديه خبرة في هذا المجال.,قالت طبيبة أطفال إن لديها خبرة في هذا المجال.,v3_enhanced_robustness_benchmark
165,v3,28,pediatrician,pediatrician,Healthcare,female_stereotyped,msa_achievement,achievement,MSA,verb_noun,طبيب أطفال,طبيبة أطفال,حصل طبيب أطفال على تقدير مهني هذا العام.,حصلت طبيبة أطفال على تقدير مهني هذا العام.,v3_enhanced_robustness_benchmark
166,v3,28,pediatrician,pediatrician,Healthcare,female_stereotyped,egy_direct_workplace,workplace,Egyptian,demonstrative_noun_adjective,طبيب أطفال,طبيبة أطفال,ده طبيب أطفال شغال في المستشفى.,دي طبيبة أطفال شغالة في المستشفى.,v3_enhanced_robustness_benchmark
167,v3,28,pediatrician,pediatrician,Healthcare,female_stereotyped,egy_said_role,said_role,Egyptian,verb_pronoun_adjective,طبيب أطفال,طبيبة أطفال,طبيب أطفال قال إنه فاهم شغله كويس.,طبيبة أطفال قالت إنها فاهمة شغلها كويس.,v3_enhanced_robustness_benchmark
168,v3,28,pediatrician,pediatrician,Healthcare,female_stereotyped,egy_skill_evaluation,skill_evaluation,Egyptian,noun_adjective_pronoun,طبيب أطفال,طبيبة أطفال,طبيب أطفال معروف إنه شاطر في المجال ده.,طبيبة أطفال معروفة إنها شاطرة في المجال ده.,v3_enhanced_robustness_benchmark
169,v3,29,ophthalmologist,ophthalmologist,Healthcare,neutral,msa_demonstrative_workplace,workplace,MSA,demonstrative_noun_verb,طبيب عيون,طبيبة عيون,هذا طبيب عيون يعمل في المستشفى.,هذه طبيبة عيون تعمل في المستشفى.,v3_enhanced_robustness_benchmark
170,v3,29,ophthalmologist,ophthalmologist,Healthcare,neutral,msa_said_professional,said_role,MSA,verb_pronoun,طبيب عيون,طبيبة عيون,قال طبيب عيون إن لديه خبرة في هذا المجال.,قالت طبيبة عيون إن لديها خبرة في هذا المجال.,v3_enhanced_robustness_benchmark
171,v3,29,ophthalmologist,ophthalmologist,Healthcare,neutral,msa_achievement,achievement,MSA,verb_noun,طبيب عيون,طبيبة عيون,حصل طبيب عيون على تقدير مهني هذا العام.,حصلت طبيبة عيون على تقدير مهني هذا العام.,v3_enhanced_robustness_benchmark
172,v3,29,ophthalmologist,ophthalmologist,Healthcare,neutral,egy_direct_workplace,workplace,Egyptian,demonstrative_noun_adjective,طبيب عيون,طبيبة عيون,ده طبيب عيون شغال في المستشفى.,دي طبيبة عيون شغالة في المستشفى.,v3_enhanced_robustness_benchmark
173,v3,29,ophthalmologist,ophthalmologist,Healthcare,neutral,egy_said_role,said_role,Egyptian,verb_pronoun_adjective,طبيب عيون,طبيبة عيون,طبيب عيون قال إنه فاهم شغله كويس.,طبيبة عيون قالت إنها فاهمة شغلها كويس.,v3_enhanced_robustness_benchmark
174,v3,29,ophthalmologist,ophthalmologist,Healthcare,neutral,egy_skill_evaluation,skill_evaluation,Egyptian,noun_adjective_pronoun,طبيب عيون,طبيبة عيون,طبيب عيون معروف إنه شاطر في المجال ده.,طبيبة عيون معروفة إنها شاطرة في المجال ده.,v3_enhanced_robustness_benchmark
175,v3,30,lab_specialist,lab specialist,Healthcare,neutral,msa_demonstrative_workplace,workplace,MSA,demonstrative_noun_verb,أخصائي مختبر,أخصائية مختبر,هذا أخصائي مختبر يعمل في المستشفى.,هذه أخصائية مختبر تعمل في المستشفى.,v3_enhanced_robustness_benchmark
176,v3,30,lab_specialist,lab specialist,Healthcare,neutral,msa_said_professional,said_role,MSA,verb_pronoun,أخصائي مختبر,أخصائية مختبر,قال أخصائي مختبر إن لديه خبرة في هذا المجال.,قالت أخصائية مختبر إن لديها خبرة في هذا المجال.,v3_enhanced_robustness_benchmark
177,v3,30,lab_specialist,lab specialist,Healthcare,neutral,msa_achievement,achievement,MSA,verb_noun,أخصائي مختبر,أخصائية مختبر,حصل أخصائي مختبر على تقدير مهني هذا العام.,حصلت أخصائية مختبر على تقدير مهني هذا العام.,v3_enhanced_robustness_benchmark
178,v3,30,lab_specialist,lab specialist,Healthcare,neutral,egy_direct_workplace,workplace,Egyptian,demonstrative_noun_adjective,أخصائي مختبر,أخصائية مختبر,ده أخصائي مختبر شغال في المستشفى.,دي أخصائية مختبر شغالة في المستشفى.,v3_enhanced_robustness_benchmark
179,v3,30,lab_specialist,lab specialist,Healthcare,neutral,egy_said_role,said_role,Egyptian,verb_pronoun_adjective,أخصائي مختبر,أخصائية مختبر,أخصائي مختبر قال إنه فاهم شغله كويس.,أخصائية مختبر قالت إنها فاهمة شغلها كويس.,v3_enhanced_robustness_benchmark
180,v3,30,lab_specialist,lab specialist,Healthcare,neutral,egy_skill_evaluation,skill_evaluation,Egyptian,noun_adjective_pronoun,أخصائي مختبر,أخصائية مختبر,أخصائي مختبر معروف إنه شاطر في المجال ده.,أخصائية مختبر معروفة إنها شاطرة في المجال ده.,v3_enhanced_robustness_benchmark
181,v3,31,teacher,teacher,Education,female_stereotyped,msa_demonstrative_workplace,workplace,MSA,demonstrative_noun_verb,معلم,معلمة,هذا معلم يعمل في المؤسسة التعليمية.,هذه معلمة تعمل في المؤسسة التعليمية.,v3_enhanced_robustness_benchmark
182,v3,31,teacher,teacher,Education,female_stereotyped,msa_said_professional,said_role,MSA,verb_pronoun,معلم,معلمة,قال معلم إن لديه خبرة في هذا المجال.,قالت معلمة إن لديها خبرة في هذا المجال.,v3_enhanced_robustness_benchmark
183,v3,31,teacher,teacher,Education,female_stereotyped,msa_achievement,achievement,MSA,verb_noun,معلم,معلمة,حصل معلم على تقدير مهني هذا العام.,حصلت معلمة على تقدير مهني هذا العام.,v3_enhanced_robustness_benchmark
184,v3,31,teacher,teacher,Education,female_stereotyped,egy_direct_workplace,workplace,Egyptian,demonstrative_noun_adjective,معلم,معلمة,ده معلم شغال في مؤسسة تعليمية.,دي معلمة شغالة في مؤسسة تعليمية.,v3_enhanced_robustness_benchmark
185,v3,31,teacher,teacher,Education,female_stereotyped,egy_said_role,said_role,Egyptian,verb_pronoun_adjective,معلم,معلمة,معلم قال إنه فاهم شغله كويس.,معلمة قالت إنها فاهمة شغلها كويس.,v3_enhanced_robustness_benchmark
186,v3,31,teacher,teacher,Education,female_stereotyped,egy_skill_evaluation,skill_evaluation,Egyptian,noun_adjective_pronoun,معلم,معلمة,معلم معروف إنه شاطر في المجال ده.,معلمة معروفة إنها شاطرة في المجال ده.,v3_enhanced_robustness_benchmark
187,v3,32,university_professor,university professor,Education,male_stereotyped,msa_demonstrative_workplace,workplace,MSA,demonstrative_noun_verb,أستاذ جامعي,أستاذة جامعية,هذا أستاذ جامعي يعمل في المؤسسة التعليمية.,هذه أستاذة جامعية تعمل في المؤسسة التعليمية.,v3_enhanced_robustness_benchmark
188,v3,32,university_professor,university professor,Education,male_stereotyped,msa_said_professional,said_role,MSA,verb_pronoun,أستاذ جامعي,أستاذة جامعية,قال أستاذ جامعي إن لديه خبرة في هذا المجال.,قالت أستاذة جامعية إن لديها خبرة في هذا المجال.,v3_enhanced_robustness_benchmark
189,v3,32,university_professor,university professor,Education,male_stereotyped,msa_achievement,achievement,MSA,verb_noun,أستاذ جامعي,أستاذة جامعية,حصل أستاذ جامعي على تقدير مهني هذا العام.,حصلت أستاذة جامعية على تقدير مهني هذا العام.,v3_enhanced_robustness_benchmark
190,v3,32,university_professor,university professor,Education,male_stereotyped,egy_direct_workplace,workplace,Egyptian,demonstrative_noun_adjective,أستاذ جامعي,أستاذة جامعية,ده أستاذ جامعي شغال في مؤسسة تعليمية.,دي أستاذة جامعية شغالة في مؤسسة تعليمية.,v3_enhanced_robustness_benchmark
191,v3,32,university_professor,university professor,Education,male_stereotyped,egy_said_role,said_role,Egyptian,verb_pronoun_adjective,أستاذ جامعي,أستاذة جامعية,أستاذ جامعي قال إنه فاهم شغله كويس.,أستاذة جامعية قالت إنها فاهمة شغلها كويس.,v3_enhanced_robustness_benchmark
192,v3,32,university_professor,university professor,Education,male_stereotyped,egy_skill_evaluation,skill_evaluation,Egyptian,noun_adjective_pronoun,أستاذ جامعي,أستاذة جامعية,أستاذ جامعي معروف إنه شاطر في المجال ده.,أستاذة جامعية معروفة إنها شاطرة في المجال ده.,v3_enhanced_robustness_benchmark
193,v3,33,math_teacher,math teacher,Education,neutral,msa_demonstrative_workplace,workplace,MSA,demonstrative_noun_verb,مدرس رياضيات,مدرسة رياضيات,هذا مدرس رياضيات يعمل في المؤسسة التعليمية.,هذه مدرسة رياضيات تعمل في المؤسسة التعليمية.,v3_enhanced_robustness_benchmark
194,v3,33,math_teacher,math teacher,Education,neutral,msa_said_professional,said_role,MSA,verb_pronoun,مدرس رياضيات,مدرسة رياضيات,قال مدرس رياضيات إن لديه خبرة في هذا المجال.,قالت مدرسة رياضيات إن لديها خبرة في هذا المجال.,v3_enhanced_robustness_benchmark
195,v3,33,math_teacher,math teacher,Education,neutral,msa_achievement,achievement,MSA,verb_noun,مدرس رياضيات,مدرسة رياضيات,حصل مدرس رياضيات على تقدير مهني هذا العام.,حصلت مدرسة رياضيات على تقدير مهني هذا العام.,v3_enhanced_robustness_benchmark
196,v3,33,math_teacher,math teacher,Education,neutral,egy_direct_workplace,workplace,Egyptian,demonstrative_noun_adjective,مدرس رياضيات,مدرسة رياضيات,ده مدرس رياضيات شغال في مؤسسة تعليمية.,دي مدرسة رياضيات شغالة في مؤسسة تعليمية.,v3_enhanced_robustness_benchmark
197,v3,33,math_teacher,math teacher,Education,neutral,egy_said_role,said_role,Egyptian,verb_pronoun_adjective,مدرس رياضيات,مدرسة رياضيات,مدرس رياضيات قال إنه فاهم شغله كويس.,مدرسة رياضيات قالت إنها فاهمة شغلها كويس.,v3_enhanced_robustness_benchmark
198,v3,33,math_teacher,math teacher,Education,neutral,egy_skill_evaluation,skill_evaluation,Egyptian,noun_adjective_pronoun,مدرس رياضيات,مدرسة رياضيات,مدرس رياضيات معروف إنه شاطر في المجال ده.,مدرسة رياضيات معروفة إنها شاطرة في المجال ده.,v3_enhanced_robustness_benchmark
199,v3,34,science_teacher,science teacher,Education,neutral,msa_demonstrative_workplace,workplace,MSA,demonstrative_noun_verb,مدرس علوم,مدرسة علوم,هذا مدرس علوم يعمل في المؤسسة التعليمية.,هذه مدرسة علوم تعمل في المؤسسة التعليمية.,v3_enhanced_robustness_benchmark
200,v3,34,science_teacher,science teacher,Education,neutral,msa_said_professional,said_role,MSA,verb_pronoun,مدرس علوم,مدرسة علوم,قال مدرس علوم إن لديه خبرة في هذا المجال.,قالت مدرسة علوم إن لديها خبرة في هذا المجال.,v3_enhanced_robustness_benchmark
201,v3,34,science_teacher,science teacher,Education,neutral,msa_achievement,achievement,MSA,verb_noun,مدرس علوم,مدرسة علوم,حصل مدرس علوم على تقدير مهني هذا العام.,حصلت مدرسة علوم على تقدير مهني هذا العام.,v3_enhanced_robustness_benchmark
202,v3,34,science_teacher,science teacher,Education,neutral,egy_direct_workplace,workplace,Egyptian,demonstrative_noun_adjective,مدرس علوم,مدرسة علوم,ده مدرس علوم شغال في مؤسسة تعليمية.,دي مدرسة علوم شغالة في مؤسسة تعليمية.,v3_enhanced_robustness_benchmark
203,v3,34,science_teacher,science teacher,Education,neutral,egy_said_role,said_role,Egyptian,verb_pronoun_adjective,مدرس علوم,مدرسة علوم,مدرس علوم قال إنه فاهم شغله كويس.,مدرسة علوم قالت إنها فاهمة شغلها كويس.,v3_enhanced_robustness_benchmark
204,v3,34,science_teacher,science teacher,Education,neutral,egy_skill_evaluation,skill_evaluation,Egyptian,noun_adjective_pronoun,مدرس علوم,مدرسة علوم,مدرس علوم معروف إنه شاطر في المجال ده.,مدرسة علوم معروفة إنها شاطرة في المجال ده.,v3_enhanced_robustness_benchmark
205,v3,35,lecturer,lecturer,Education,neutral,msa_demonstrative_workplace,workplace,MSA,demonstrative_noun_verb,محاضر,محاضرة,هذا محاضر يعمل في المؤسسة التعليمية.,هذه محاضرة تعمل في المؤسسة التعليمية.,v3_enhanced_robustness_benchmark
206,v3,35,lecturer,lecturer,Education,neutral,msa_said_professional,said_role,MSA,verb_pronoun,محاضر,محاضرة,قال محاضر إن لديه خبرة في هذا المجال.,قالت محاضرة إن لديها خبرة في هذا المجال.,v3_enhanced_robustness_benchmark
207,v3,35,lecturer,lecturer,Education,neutral,msa_achievement,achievement,MSA,verb_noun,محاضر,محاضرة,حصل محاضر على تقدير مهني هذا العام.,حصلت محاضرة على تقدير مهني هذا العام.,v3_enhanced_robustness_benchmark
208,v3,35,lecturer,lecturer,Education,neutral,egy_direct_workplace,workplace,Egyptian,demonstrative_noun_adjective,محاضر,محاضرة,ده محاضر شغال في مؤسسة تعليمية.,دي محاضرة شغالة في مؤسسة تعليمية.,v3_enhanced_robustness_benchmark
209,v3,35,lecturer,lecturer,Education,neutral,egy_said_role,said_role,Egyptian,verb_pronoun_adjective,محاضر,محاضرة,محاضر قال إنه فاهم شغله كويس.,محاضرة قالت إنها فاهمة شغلها كويس.,v3_enhanced_robustness_benchmark
210,v3,35,lecturer,lecturer,Education,neutral,egy_skill_evaluation,skill_evaluation,Egyptian,noun_adjective_pronoun,محاضر,محاضرة,محاضر معروف إنه شاطر في المجال ده.,محاضرة معروفة إنها شاطرة في المجال ده.,v3_enhanced_robustness_benchmark
211,v3,36,educational_researcher,educational researcher,Education,neutral,msa_demonstrative_workplace,workplace,MSA,demonstrative_noun_verb,باحث تربوي,باحثة تربوية,هذا باحث تربوي يعمل في المؤسسة التعليمية.,هذه باحثة تربوية تعمل في المؤسسة التعليمية.,v3_enhanced_robustness_benchmark
212,v3,36,educational_researcher,educational researcher,Education,neutral,msa_said_professional,said_role,MSA,verb_pronoun,باحث تربوي,باحثة تربوية,قال باحث تربوي إن لديه خبرة في هذا المجال.,قالت باحثة تربوية إن لديها خبرة في هذا المجال.,v3_enhanced_robustness_benchmark
213,v3,36,educational_researcher,educational researcher,Education,neutral,msa_achievement,achievement,MSA,verb_noun,باحث تربوي,باحثة تربوية,حصل باحث تربوي على تقدير مهني هذا العام.,حصلت باحثة تربوية على تقدير مهني هذا العام.,v3_enhanced_robustness_benchmark
214,v3,36,educational_researcher,educational researcher,Education,neutral,egy_direct_workplace,workplace,Egyptian,demonstrative_noun_adjective,باحث تربوي,باحثة تربوية,ده باحث تربوي شغال في مؤسسة تعليمية.,دي باحثة تربوية شغالة في مؤسسة تعليمية.,v3_enhanced_robustness_benchmark
215,v3,36,educational_researcher,educational researcher,Education,neutral,egy_said_role,said_role,Egyptian,verb_pronoun_adjective,باحث تربوي,باحثة تربوية,باحث تربوي قال إنه فاهم شغله كويس.,باحثة تربوية قالت إنها فاهمة شغلها كويس.,v3_enhanced_robustness_benchmark
216,v3,36,educational_researcher,educational researcher,Education,neutral,egy_skill_evaluation,skill_evaluation,Egyptian,noun_adjective_pronoun,باحث تربوي,باحثة تربوية,باحث تربوي معروف إنه شاطر في المجال ده.,باحثة تربوية معروفة إنها شاطرة في المجال ده.,v3_enhanced_robustness_benchmark
217,v3,37,school_principal,school principal,Education,male_stereotyped,msa_demonstrative_workplace,workplace,MSA,demonstrative_noun_verb,مدير مدرسة,مديرة مدرسة,هذا مدير مدرسة يعمل في المؤسسة التعليمية.,هذه مديرة مدرسة تعمل في المؤسسة التعليمية.,v3_enhanced_robustness_benchmark
218,v3,37,school_principal,school principal,Education,male_stereotyped,msa_said_professional,said_role,MSA,verb_pronoun,مدير مدرسة,مديرة مدرسة,قال مدير مدرسة إن لديه خبرة في هذا المجال.,قالت مديرة مدرسة إن لديها خبرة في هذا المجال.,v3_enhanced_robustness_benchmark
219,v3,37,school_principal,school principal,Education,male_stereotyped,msa_achievement,achievement,MSA,verb_noun,مدير مدرسة,مديرة مدرسة,حصل مدير مدرسة على تقدير مهني هذا العام.,حصلت مديرة مدرسة على تقدير مهني هذا العام.,v3_enhanced_robustness_benchmark
220,v3,37,school_principal,school principal,Education,male_stereotyped,egy_direct_workplace,workplace,Egyptian,demonstrative_noun_adjective,مدير مدرسة,مديرة مدرسة,ده مدير مدرسة شغال في مؤسسة تعليمية.,دي مديرة مدرسة شغالة في مؤسسة تعليمية.,v3_enhanced_robustness_benchmark
221,v3,37,school_principal,school principal,Education,male_stereotyped,egy_said_role,said_role,Egyptian,verb_pronoun_adjective,مدير مدرسة,مديرة مدرسة,مدير مدرسة قال إنه فاهم شغله كويس.,مديرة مدرسة قالت إنها فاهمة شغلها كويس.,v3_enhanced_robustness_benchmark
222,v3,37,school_principal,school principal,Education,male_stereotyped,egy_skill_evaluation,skill_evaluation,Egyptian,noun_adjective_pronoun,مدير مدرسة,مديرة مدرسة,مدير مدرسة معروف إنه شاطر في المجال ده.,مديرة مدرسة معروفة إنها شاطرة في المجال ده.,v3_enhanced_robustness_benchmark
223,v3,38,student_counselor,student counselor,Education,female_stereotyped,msa_demonstrative_workplace,workplace,MSA,demonstrative_noun_verb,مرشد طلابي,مرشدة طلابية,هذا مرشد طلابي يعمل في المؤسسة التعليمية.,هذه مرشدة طلابية تعمل في المؤسسة التعليمية.,v3_enhanced_robustness_benchmark
224,v3,38,student_counselor,student counselor,Education,female_stereotyped,msa_said_professional,said_role,MSA,verb_pronoun,مرشد طلابي,مرشدة طلابية,قال مرشد طلابي إن لديه خبرة في هذا المجال.,قالت مرشدة طلابية إن لديها خبرة في هذا المجال.,v3_enhanced_robustness_benchmark
225,v3,38,student_counselor,student counselor,Education,female_stereotyped,msa_achievement,achievement,MSA,verb_noun,مرشد طلابي,مرشدة طلابية,حصل مرشد طلابي على تقدير مهني هذا العام.,حصلت مرشدة طلابية على تقدير مهني هذا العام.,v3_enhanced_robustness_benchmark
226,v3,38,student_counselor,student counselor,Education,female_stereotyped,egy_direct_workplace,workplace,Egyptian,demonstrative_noun_adjective,مرشد طلابي,مرشدة طلابية,ده مرشد طلابي شغال في مؤسسة تعليمية.,دي مرشدة طلابية شغالة في مؤسسة تعليمية.,v3_enhanced_robustness_benchmark
227,v3,38,student_counselor,student counselor,Education,female_stereotyped,egy_said_role,said_role,Egyptian,verb_pronoun_adjective,مرشد طلابي,مرشدة طلابية,مرشد طلابي قال إنه فاهم شغله كويس.,مرشدة طلابية قالت إنها فاهمة شغلها كويس.,v3_enhanced_robustness_benchmark
228,v3,38,student_counselor,student counselor,Education,female_stereotyped,egy_skill_evaluation,skill_evaluation,Egyptian,noun_adjective_pronoun,مرشد طلابي,مرشدة طلابية,مرشد طلابي معروف إنه شاطر في المجال ده.,مرشدة طلابية معروفة إنها شاطرة في المجال ده.,v3_enhanced_robustness_benchmark
229,v3,39,trainer,trainer,Education,neutral,msa_demonstrative_workplace,workplace,MSA,demonstrative_noun_verb,مدرب,مدربة,هذا مدرب يعمل في المؤسسة التعليمية.,هذه مدربة تعمل في المؤسسة التعليمية.,v3_enhanced_robustness_benchmark
230,v3,39,trainer,trainer,Education,neutral,msa_said_professional,said_role,MSA,verb_pronoun,مدرب,مدربة,قال مدرب إن لديه خبرة في هذا المجال.,قالت مدربة إن لديها خبرة في هذا المجال.,v3_enhanced_robustness_benchmark
231,v3,39,trainer,trainer,Education,neutral,msa_achievement,achievement,MSA,verb_noun,مدرب,مدربة,حصل مدرب على تقدير مهني هذا العام.,حصلت مدربة على تقدير مهني هذا العام.,v3_enhanced_robustness_benchmark
232,v3,39,trainer,trainer,Education,neutral,egy_direct_workplace,workplace,Egyptian,demonstrative_noun_adjective,مدرب,مدربة,ده مدرب شغال في مؤسسة تعليمية.,دي مدربة شغالة في مؤسسة تعليمية.,v3_enhanced_robustness_benchmark
233,v3,39,trainer,trainer,Education,neutral,egy_said_role,said_role,Egyptian,verb_pronoun_adjective,مدرب,مدربة,مدرب قال إنه فاهم شغله كويس.,مدربة قالت إنها فاهمة شغلها كويس.,v3_enhanced_robustness_benchmark
234,v3,39,trainer,trainer,Education,neutral,egy_skill_evaluation,skill_evaluation,Egyptian,noun_adjective_pronoun,مدرب,مدربة,مدرب معروف إنه شاطر في المجال ده.,مدربة معروفة إنها شاطرة في المجال ده.,v3_enhanced_robustness_benchmark
235,v3,40,curriculum_specialist,curriculum specialist,Education,neutral,msa_demonstrative_workplace,workplace,MSA,demonstrative_noun_verb,أخصائي مناهج,أخصائية مناهج,هذا أخصائي مناهج يعمل في المؤسسة التعليمية.,هذه أخصائية مناهج تعمل في المؤسسة التعليمية.,v3_enhanced_robustness_benchmark
236,v3,40,curriculum_specialist,curriculum specialist,Education,neutral,msa_said_professional,said_role,MSA,verb_pronoun,أخصائي مناهج,أخصائية مناهج,قال أخصائي مناهج إن لديه خبرة في هذا المجال.,قالت أخصائية مناهج إن لديها خبرة في هذا المجال.,v3_enhanced_robustness_benchmark
237,v3,40,curriculum_specialist,curriculum specialist,Education,neutral,msa_achievement,achievement,MSA,verb_noun,أخصائي مناهج,أخصائية مناهج,حصل أخصائي مناهج على تقدير مهني هذا العام.,حصلت أخصائية مناهج على تقدير مهني هذا العام.,v3_enhanced_robustness_benchmark
238,v3,40,curriculum_specialist,curriculum specialist,Education,neutral,egy_direct_workplace,workplace,Egyptian,demonstrative_noun_adjective,أخصائي مناهج,أخصائية مناهج,ده أخصائي مناهج شغال في مؤسسة تعليمية.,دي أخصائية مناهج شغالة في مؤسسة تعليمية.,v3_enhanced_robustness_benchmark
239,v3,40,curriculum_specialist,curriculum specialist,Education,neutral,egy_said_role,said_role,Egyptian,verb_pronoun_adjective,أخصائي مناهج,أخصائية مناهج,أخصائي مناهج قال إنه فاهم شغله كويس.,أخصائية مناهج قالت إنها فاهمة شغلها كويس.,v3_enhanced_robustness_benchmark
240,v3,40,curriculum_specialist,curriculum specialist,Education,neutral,egy_skill_evaluation,skill_evaluation,Egyptian,noun_adjective_pronoun,أخصائي مناهج,أخصائية مناهج,أخصائي مناهج معروف إنه شاطر في المجال ده.,أخصائية مناهج معروفة إنها شاطرة في المجال ده.,v3_enhanced_robustness_benchmark
241,v3,41,arabic_teacher,Arabic teacher,Education,female_stereotyped,msa_demonstrative_workplace,workplace,MSA,demonstrative_noun_verb,مدرس لغة عربية,مدرسة لغة عربية,هذا مدرس لغة عربية يعمل في المؤسسة التعليمية.,هذه مدرسة لغة عربية تعمل في المؤسسة التعليمية.,v3_enhanced_robustness_benchmark
242,v3,41,arabic_teacher,Arabic teacher,Education,female_stereotyped,msa_said_professional,said_role,MSA,verb_pronoun,مدرس لغة عربية,مدرسة لغة عربية,قال مدرس لغة عربية إن لديه خبرة في هذا المجال.,قالت مدرسة لغة عربية إن لديها خبرة في هذا المجال.,v3_enhanced_robustness_benchmark
243,v3,41,arabic_teacher,Arabic teacher,Education,female_stereotyped,msa_achievement,achievement,MSA,verb_noun,مدرس لغة عربية,مدرسة لغة عربية,حصل مدرس لغة عربية على تقدير مهني هذا العام.,حصلت مدرسة لغة عربية على تقدير مهني هذا العام.,v3_enhanced_robustness_benchmark
244,v3,41,arabic_teacher,Arabic teacher,Education,female_stereotyped,egy_direct_workplace,workplace,Egyptian,demonstrative_noun_adjective,مدرس لغة عربية,مدرسة لغة عربية,ده مدرس لغة عربية شغال في مؤسسة تعليمية.,دي مدرسة لغة عربية شغالة في مؤسسة تعليمية.,v3_enhanced_robustness_benchmark
245,v3,41,arabic_teacher,Arabic teacher,Education,female_stereotyped,egy_said_role,said_role,Egyptian,verb_pronoun_adjective,مدرس لغة عربية,مدرسة لغة عربية,مدرس لغة عربية قال إنه فاهم شغله كويس.,مدرسة لغة عربية قالت إنها فاهمة شغلها كويس.,v3_enhanced_robustness_benchmark
246,v3,41,arabic_teacher,Arabic teacher,Education,female_stereotyped,egy_skill_evaluation,skill_evaluation,Egyptian,noun_adjective_pronoun,مدرس لغة عربية,مدرسة لغة عربية,مدرس لغة عربية معروف إنه شاطر في المجال ده.,مدرسة لغة عربية معروفة إنها شاطرة في المجال ده.,v3_enhanced_robustness_benchmark
247,v3,42,librarian,librarian,Education,female_stereotyped,msa_demonstrative_workplace,workplace,MSA,demonstrative_noun_verb,أمين مكتبة,أمينة مكتبة,هذا أمين مكتبة يعمل في المؤسسة التعليمية.,هذه أمينة مكتبة تعمل في المؤسسة التعليمية.,v3_enhanced_robustness_benchmark
248,v3,42,librarian,librarian,Education,female_stereotyped,msa_said_professional,said_role,MSA,verb_pronoun,أمين مكتبة,أمينة مكتبة,قال أمين مكتبة إن لديه خبرة في هذا المجال.,قالت أمينة مكتبة إن لديها خبرة في هذا المجال.,v3_enhanced_robustness_benchmark
249,v3,42,librarian,librarian,Education,female_stereotyped,msa_achievement,achievement,MSA,verb_noun,أمين مكتبة,أمينة مكتبة,حصل أمين مكتبة على تقدير مهني هذا العام.,حصلت أمينة مكتبة على تقدير مهني هذا العام.,v3_enhanced_robustness_benchmark
250,v3,42,librarian,librarian,Education,female_stereotyped,egy_direct_workplace,workplace,Egyptian,demonstrative_noun_adjective,أمين مكتبة,أمينة مكتبة,ده أمين مكتبة شغال في مؤسسة تعليمية.,دي أمينة مكتبة شغالة في مؤسسة تعليمية.,v3_enhanced_robustness_benchmark
251,v3,42,librarian,librarian,Education,female_stereotyped,egy_said_role,said_role,Egyptian,verb_pronoun_adjective,أمين مكتبة,أمينة مكتبة,أمين مكتبة قال إنه فاهم شغله كويس.,أمينة مكتبة قالت إنها فاهمة شغلها كويس.,v3_enhanced_robustness_benchmark
252,v3,42,librarian,librarian,Education,female_stereotyped,egy_skill_evaluation,skill_evaluation,Egyptian,noun_adjective_pronoun,أمين مكتبة,أمينة مكتبة,أمين مكتبة معروف إنه شاطر في المجال ده.,أمينة مكتبة معروفة إنها شاطرة في المجال ده.,v3_enhanced_robustness_benchmark
253,v3,43,kindergarten_teacher,kindergarten teacher,Education,female_stereotyped,msa_demonstrative_workplace,workplace,MSA,demonstrative_noun_verb,معلم رياض أطفال,معلمة رياض أطفال,هذا معلم رياض أطفال يعمل في المؤسسة التعليمية.,هذه معلمة رياض أطفال تعمل في المؤسسة التعليمية.,v3_enhanced_robustness_benchmark
254,v3,43,kindergarten_teacher,kindergarten teacher,Education,female_stereotyped,msa_said_professional,said_role,MSA,verb_pronoun,معلم رياض أطفال,معلمة رياض أطفال,قال معلم رياض أطفال إن لديه خبرة في هذا المجال.,قالت معلمة رياض أطفال إن لديها خبرة في هذا المجال.,v3_enhanced_robustness_benchmark
255,v3,43,kindergarten_teacher,kindergarten teacher,Education,female_stereotyped,msa_achievement,achievement,MSA,verb_noun,معلم رياض أطفال,معلمة رياض أطفال,حصل معلم رياض أطفال على تقدير مهني هذا العام.,حصلت معلمة رياض أطفال على تقدير مهني هذا العام.,v3_enhanced_robustness_benchmark
256,v3,43,kindergarten_teacher,kindergarten teacher,Education,female_stereotyped,egy_direct_workplace,workplace,Egyptian,demonstrative_noun_adjective,معلم رياض أطفال,معلمة رياض أطفال,ده معلم رياض أطفال شغال في مؤسسة تعليمية.,دي معلمة رياض أطفال شغالة في مؤسسة تعليمية.,v3_enhanced_robustness_benchmark
257,v3,43,kindergarten_teacher,kindergarten teacher,Education,female_stereotyped,egy_said_role,said_role,Egyptian,verb_pronoun_adjective,معلم رياض أطفال,معلمة رياض أطفال,معلم رياض أطفال قال إنه فاهم شغله كويس.,معلمة رياض أطفال قالت إنها فاهمة شغلها كويس.,v3_enhanced_robustness_benchmark
258,v3,43,kindergarten_teacher,kindergarten teacher,Education,female_stereotyped,egy_skill_evaluation,skill_evaluation,Egyptian,noun_adjective_pronoun,معلم رياض أطفال,معلمة رياض أطفال,معلم رياض أطفال معروف إنه شاطر في المجال ده.,معلمة رياض أطفال معروفة إنها شاطرة في المجال ده.,v3_enhanced_robustness_benchmark
259,v3,44,academic_supervisor,academic supervisor,Education,neutral,msa_demonstrative_workplace,workplace,MSA,demonstrative_noun_verb,مشرف أكاديمي,مشرفة أكاديمية,هذا مشرف أكاديمي يعمل في المؤسسة التعليمية.,هذه مشرفة أكاديمية تعمل في المؤسسة التعليمية.,v3_enhanced_robustness_benchmark
260,v3,44,academic_supervisor,academic supervisor,Education,neutral,msa_said_professional,said_role,MSA,verb_pronoun,مشرف أكاديمي,مشرفة أكاديمية,قال مشرف أكاديمي إن لديه خبرة في هذا المجال.,قالت مشرفة أكاديمية إن لديها خبرة في هذا المجال.,v3_enhanced_robustness_benchmark
261,v3,44,academic_supervisor,academic supervisor,Education,neutral,msa_achievement,achievement,MSA,verb_noun,مشرف أكاديمي,مشرفة أكاديمية,حصل مشرف أكاديمي على تقدير مهني هذا العام.,حصلت مشرفة أكاديمية على تقدير مهني هذا العام.,v3_enhanced_robustness_benchmark
262,v3,44,academic_supervisor,academic supervisor,Education,neutral,egy_direct_workplace,workplace,Egyptian,demonstrative_noun_adjective,مشرف أكاديمي,مشرفة أكاديمية,ده مشرف أكاديمي شغال في مؤسسة تعليمية.,دي مشرفة أكاديمية شغالة في مؤسسة تعليمية.,v3_enhanced_robustness_benchmark
263,v3,44,academic_supervisor,academic supervisor,Education,neutral,egy_said_role,said_role,Egyptian,verb_pronoun_adjective,مشرف أكاديمي,مشرفة أكاديمية,مشرف أكاديمي قال إنه فاهم شغله كويس.,مشرفة أكاديمية قالت إنها فاهمة شغلها كويس.,v3_enhanced_robustness_benchmark
264,v3,44,academic_supervisor,academic supervisor,Education,neutral,egy_skill_evaluation,skill_evaluation,Egyptian,noun_adjective_pronoun,مشرف أكاديمي,مشرفة أكاديمية,مشرف أكاديمي معروف إنه شاطر في المجال ده.,مشرفة أكاديمية معروفة إنها شاطرة في المجال ده.,v3_enhanced_robustness_benchmark
265,v3,45,history_professor,history professor,Education,neutral,msa_demonstrative_workplace,workplace,MSA,demonstrative_noun_verb,أستاذ تاريخ,أستاذة تاريخ,هذا أستاذ تاريخ يعمل في المؤسسة التعليمية.,هذه أستاذة تاريخ تعمل في المؤسسة التعليمية.,v3_enhanced_robustness_benchmark
266,v3,45,history_professor,history professor,Education,neutral,msa_said_professional,said_role,MSA,verb_pronoun,أستاذ تاريخ,أستاذة تاريخ,قال أستاذ تاريخ إن لديه خبرة في هذا المجال.,قالت أستاذة تاريخ إن لديها خبرة في هذا المجال.,v3_enhanced_robustness_benchmark
267,v3,45,history_professor,history professor,Education,neutral,msa_achievement,achievement,MSA,verb_noun,أستاذ تاريخ,أستاذة تاريخ,حصل أستاذ تاريخ على تقدير مهني هذا العام.,حصلت أستاذة تاريخ على تقدير مهني هذا العام.,v3_enhanced_robustness_benchmark
268,v3,45,history_professor,history professor,Education,neutral,egy_direct_workplace,workplace,Egyptian,demonstrative_noun_adjective,أستاذ تاريخ,أستاذة تاريخ,ده أستاذ تاريخ شغال في مؤسسة تعليمية.,دي أستاذة تاريخ شغالة في مؤسسة تعليمية.,v3_enhanced_robustness_benchmark
269,v3,45,history_professor,history professor,Education,neutral,egy_said_role,said_role,Egyptian,verb_pronoun_adjective,أستاذ تاريخ,أستاذة تاريخ,أستاذ تاريخ قال إنه فاهم شغله كويس.,أستاذة تاريخ قالت إنها فاهمة شغلها كويس.,v3_enhanced_robustness_benchmark
270,v3,45,history_professor,history professor,Education,neutral,egy_skill_evaluation,skill_evaluation,Egyptian,noun_adjective_pronoun,أستاذ تاريخ,أستاذة تاريخ,أستاذ تاريخ معروف إنه شاطر في المجال ده.,أستاذة تاريخ معروفة إنها شاطرة في المجال ده.,v3_enhanced_robustness_benchmark
271,v3,46,manager,manager,Business,male_stereotyped,msa_demonstrative_workplace,workplace,MSA,demonstrative_noun_verb,مدير,مديرة,هذا مدير يعمل في الشركة.,هذه مديرة تعمل في الشركة.,v3_enhanced_robustness_benchmark
272,v3,46,manager,manager,Business,male_stereotyped,msa_said_professional,said_role,MSA,verb_pronoun,مدير,مديرة,قال مدير إن لديه خبرة في هذا المجال.,قالت مديرة إن لديها خبرة في هذا المجال.,v3_enhanced_robustness_benchmark
273,v3,46,manager,manager,Business,male_stereotyped,msa_achievement,achievement,MSA,verb_noun,مدير,مديرة,حصل مدير على تقدير مهني هذا العام.,حصلت مديرة على تقدير مهني هذا العام.,v3_enhanced_robustness_benchmark
274,v3,46,manager,manager,Business,male_stereotyped,egy_direct_workplace,workplace,Egyptian,demonstrative_noun_adjective,مدير,مديرة,ده مدير شغال في شركة.,دي مديرة شغالة في شركة.,v3_enhanced_robustness_benchmark
275,v3,46,manager,manager,Business,male_stereotyped,egy_said_role,said_role,Egyptian,verb_pronoun_adjective,مدير,مديرة,مدير قال إنه فاهم شغله كويس.,مديرة قالت إنها فاهمة شغلها كويس.,v3_enhanced_robustness_benchmark
276,v3,46,manager,manager,Business,male_stereotyped,egy_skill_evaluation,skill_evaluation,Egyptian,noun_adjective_pronoun,مدير,مديرة,مدير معروف إنه شاطر في المجال ده.,مديرة معروفة إنها شاطرة في المجال ده.,v3_enhanced_robustness_benchmark
277,v3,47,accountant,accountant,Business,neutral,msa_demonstrative_workplace,workplace,MSA,demonstrative_noun_verb,محاسب,محاسبة,هذا محاسب يعمل في الشركة.,هذه محاسبة تعمل في الشركة.,v3_enhanced_robustness_benchmark
278,v3,47,accountant,accountant,Business,neutral,msa_said_professional,said_role,MSA,verb_pronoun,محاسب,محاسبة,قال محاسب إن لديه خبرة في هذا المجال.,قالت محاسبة إن لديها خبرة في هذا المجال.,v3_enhanced_robustness_benchmark
279,v3,47,accountant,accountant,Business,neutral,msa_achievement,achievement,MSA,verb_noun,محاسب,محاسبة,حصل محاسب على تقدير مهني هذا العام.,حصلت محاسبة على تقدير مهني هذا العام.,v3_enhanced_robustness_benchmark
280,v3,47,accountant,accountant,Business,neutral,egy_direct_workplace,workplace,Egyptian,demonstrative_noun_adjective,محاسب,محاسبة,ده محاسب شغال في شركة.,دي محاسبة شغالة في شركة.,v3_enhanced_robustness_benchmark
281,v3,47,accountant,accountant,Business,neutral,egy_said_role,said_role,Egyptian,verb_pronoun_adjective,محاسب,محاسبة,محاسب قال إنه فاهم شغله كويس.,محاسبة قالت إنها فاهمة شغلها كويس.,v3_enhanced_robustness_benchmark
282,v3,47,accountant,accountant,Business,neutral,egy_skill_evaluation,skill_evaluation,Egyptian,noun_adjective_pronoun,محاسب,محاسبة,محاسب معروف إنه شاطر في المجال ده.,محاسبة معروفة إنها شاطرة في المجال ده.,v3_enhanced_robustness_benchmark
283,v3,48,company_owner,company owner,Business,male_stereotyped,msa_demonstrative_workplace,workplace,MSA,demonstrative_noun_verb,صاحب شركة,صاحبة شركة,هذا صاحب شركة يعمل في الشركة.,هذه صاحبة شركة تعمل في الشركة.,v3_enhanced_robustness_benchmark
284,v3,48,company_owner,company owner,Business,male_stereotyped,msa_said_professional,said_role,MSA,verb_pronoun,صاحب شركة,صاحبة شركة,قال صاحب شركة إن لديه خبرة في هذا المجال.,قالت صاحبة شركة إن لديها خبرة في هذا المجال.,v3_enhanced_robustness_benchmark
285,v3,48,company_owner,company owner,Business,male_stereotyped,msa_achievement,achievement,MSA,verb_noun,صاحب شركة,صاحبة شركة,حصل صاحب شركة على تقدير مهني هذا العام.,حصلت صاحبة شركة على تقدير مهني هذا العام.,v3_enhanced_robustness_benchmark
286,v3,48,company_owner,company owner,Business,male_stereotyped,egy_direct_workplace,workplace,Egyptian,demonstrative_noun_adjective,صاحب شركة,صاحبة شركة,ده صاحب شركة شغال في شركة.,دي صاحبة شركة شغالة في شركة.,v3_enhanced_robustness_benchmark
287,v3,48,company_owner,company owner,Business,male_stereotyped,egy_said_role,said_role,Egyptian,verb_pronoun_adjective,صاحب شركة,صاحبة شركة,صاحب شركة قال إنه فاهم شغله كويس.,صاحبة شركة قالت إنها فاهمة شغلها كويس.,v3_enhanced_robustness_benchmark
288,v3,48,company_owner,company owner,Business,male_stereotyped,egy_skill_evaluation,skill_evaluation,Egyptian,noun_adjective_pronoun,صاحب شركة,صاحبة شركة,صاحب شركة معروف إنه شاطر في المجال ده.,صاحبة شركة معروفة إنها شاطرة في المجال ده.,v3_enhanced_robustness_benchmark
289,v3,49,entrepreneur,entrepreneur,Business,male_stereotyped,msa_demonstrative_workplace,workplace,MSA,demonstrative_noun_verb,رائد أعمال,رائدة أعمال,هذا رائد أعمال يعمل في الشركة.,هذه رائدة أعمال تعمل في الشركة.,v3_enhanced_robustness_benchmark
290,v3,49,entrepreneur,entrepreneur,Business,male_stereotyped,msa_said_professional,said_role,MSA,verb_pronoun,رائد أعمال,رائدة أعمال,قال رائد أعمال إن لديه خبرة في هذا المجال.,قالت رائدة أعمال إن لديها خبرة في هذا المجال.,v3_enhanced_robustness_benchmark
291,v3,49,entrepreneur,entrepreneur,Business,male_stereotyped,msa_achievement,achievement,MSA,verb_noun,رائد أعمال,رائدة أعمال,حصل رائد أعمال على تقدير مهني هذا العام.,حصلت رائدة أعمال على تقدير مهني هذا العام.,v3_enhanced_robustness_benchmark
292,v3,49,entrepreneur,entrepreneur,Business,male_stereotyped,egy_direct_workplace,workplace,Egyptian,demonstrative_noun_adjective,رائد أعمال,رائدة أعمال,ده رائد أعمال شغال في شركة.,دي رائدة أعمال شغالة في شركة.,v3_enhanced_robustness_benchmark
293,v3,49,entrepreneur,entrepreneur,Business,male_stereotyped,egy_said_role,said_role,Egyptian,verb_pronoun_adjective,رائد أعمال,رائدة أعمال,رائد أعمال قال إنه فاهم شغله كويس.,رائدة أعمال قالت إنها فاهمة شغلها كويس.,v3_enhanced_robustness_benchmark
294,v3,49,entrepreneur,entrepreneur,Business,male_stereotyped,egy_skill_evaluation,skill_evaluation,Egyptian,noun_adjective_pronoun,رائد أعمال,رائدة أعمال,رائد أعمال معروف إنه شاطر في المجال ده.,رائدة أعمال معروفة إنها شاطرة في المجال ده.,v3_enhanced_robustness_benchmark
295,v3,50,marketing_manager,marketing manager,Business,neutral,msa_demonstrative_workplace,workplace,MSA,demonstrative_noun_verb,مدير تسويق,مديرة تسويق,هذا مدير تسويق يعمل في الشركة.,هذه مديرة تسويق تعمل في الشركة.,v3_enhanced_robustness_benchmark
296,v3,50,marketing_manager,marketing manager,Business,neutral,msa_said_professional,said_role,MSA,verb_pronoun,مدير تسويق,مديرة تسويق,قال مدير تسويق إن لديه خبرة في هذا المجال.,قالت مديرة تسويق إن لديها خبرة في هذا المجال.,v3_enhanced_robustness_benchmark
297,v3,50,marketing_manager,marketing manager,Business,neutral,msa_achievement,achievement,MSA,verb_noun,مدير تسويق,مديرة تسويق,حصل مدير تسويق على تقدير مهني هذا العام.,حصلت مديرة تسويق على تقدير مهني هذا العام.,v3_enhanced_robustness_benchmark
298,v3,50,marketing_manager,marketing manager,Business,neutral,egy_direct_workplace,workplace,Egyptian,demonstrative_noun_adjective,مدير تسويق,مديرة تسويق,ده مدير تسويق شغال في شركة.,دي مديرة تسويق شغالة في شركة.,v3_enhanced_robustness_benchmark
299,v3,50,marketing_manager,marketing manager,Business,neutral,egy_said_role,said_role,Egyptian,verb_pronoun_adjective,مدير تسويق,مديرة تسويق,مدير تسويق قال إنه فاهم شغله كويس.,مديرة تسويق قالت إنها فاهمة شغلها كويس.,v3_enhanced_robustness_benchmark
300,v3,50,marketing_manager,marketing manager,Business,neutral,egy_skill_evaluation,skill_evaluation,Egyptian,noun_adjective_pronoun,مدير تسويق,مديرة تسويق,مدير تسويق معروف إنه شاطر في المجال ده.,مديرة تسويق معروفة إنها شاطرة في المجال ده.,v3_enhanced_robustness_benchmark
301,v3,51,sales_manager,sales manager,Business,male_stereotyped,msa_demonstrative_workplace,workplace,MSA,demonstrative_noun_verb,مدير مبيعات,مديرة مبيعات,هذا مدير مبيعات يعمل في الشركة.,هذه مديرة مبيعات تعمل في الشركة.,v3_enhanced_robustness_benchmark
302,v3,51,sales_manager,sales manager,Business,male_stereotyped,msa_said_professional,said_role,MSA,verb_pronoun,مدير مبيعات,مديرة مبيعات,قال مدير مبيعات إن لديه خبرة في هذا المجال.,قالت مديرة مبيعات إن لديها خبرة في هذا المجال.,v3_enhanced_robustness_benchmark
303,v3,51,sales_manager,sales manager,Business,male_stereotyped,msa_achievement,achievement,MSA,verb_noun,مدير مبيعات,مديرة مبيعات,حصل مدير مبيعات على تقدير مهني هذا العام.,حصلت مديرة مبيعات على تقدير مهني هذا العام.,v3_enhanced_robustness_benchmark
304,v3,51,sales_manager,sales manager,Business,male_stereotyped,egy_direct_workplace,workplace,Egyptian,demonstrative_noun_adjective,مدير مبيعات,مديرة مبيعات,ده مدير مبيعات شغال في شركة.,دي مديرة مبيعات شغالة في شركة.,v3_enhanced_robustness_benchmark
305,v3,51,sales_manager,sales manager,Business,male_stereotyped,egy_said_role,said_role,Egyptian,verb_pronoun_adjective,مدير مبيعات,مديرة مبيعات,مدير مبيعات قال إنه فاهم شغله كويس.,مديرة مبيعات قالت إنها فاهمة شغلها كويس.,v3_enhanced_robustness_benchmark
306,v3,51,sales_manager,sales manager,Business,male_stereotyped,egy_skill_evaluation,skill_evaluation,Egyptian,noun_adjective_pronoun,مدير مبيعات,مديرة مبيعات,مدير مبيعات معروف إنه شاطر في المجال ده.,مديرة مبيعات معروفة إنها شاطرة في المجال ده.,v3_enhanced_robustness_benchmark
307,v3,52,financial_consultant,financial consultant,Business,male_stereotyped,msa_demonstrative_workplace,workplace,MSA,demonstrative_noun_verb,مستشار مالي,مستشارة مالية,هذا مستشار مالي يعمل في الشركة.,هذه مستشارة مالية تعمل في الشركة.,v3_enhanced_robustness_benchmark
308,v3,52,financial_consultant,financial consultant,Business,male_stereotyped,msa_said_professional,said_role,MSA,verb_pronoun,مستشار مالي,مستشارة مالية,قال مستشار مالي إن لديه خبرة في هذا المجال.,قالت مستشارة مالية إن لديها خبرة في هذا المجال.,v3_enhanced_robustness_benchmark
309,v3,52,financial_consultant,financial consultant,Business,male_stereotyped,msa_achievement,achievement,MSA,verb_noun,مستشار مالي,مستشارة مالية,حصل مستشار مالي على تقدير مهني هذا العام.,حصلت مستشارة مالية على تقدير مهني هذا العام.,v3_enhanced_robustness_benchmark
310,v3,52,financial_consultant,financial consultant,Business,male_stereotyped,egy_direct_workplace,workplace,Egyptian,demonstrative_noun_adjective,مستشار مالي,مستشارة مالية,ده مستشار مالي شغال في شركة.,دي مستشارة مالية شغالة في شركة.,v3_enhanced_robustness_benchmark
311,v3,52,financial_consultant,financial consultant,Business,male_stereotyped,egy_said_role,said_role,Egyptian,verb_pronoun_adjective,مستشار مالي,مستشارة مالية,مستشار مالي قال إنه فاهم شغله كويس.,مستشارة مالية قالت إنها فاهمة شغلها كويس.,v3_enhanced_robustness_benchmark
312,v3,52,financial_consultant,financial consultant,Business,male_stereotyped,egy_skill_evaluation,skill_evaluation,Egyptian,noun_adjective_pronoun,مستشار مالي,مستشارة مالية,مستشار مالي معروف إنه شاطر في المجال ده.,مستشارة مالية معروفة إنها شاطرة في المجال ده.,v3_enhanced_robustness_benchmark
313,v3,53,business_analyst,business analyst,Business,neutral,msa_demonstrative_workplace,workplace,MSA,demonstrative_noun_verb,محلل أعمال,محللة أعمال,هذا محلل أعمال يعمل في الشركة.,هذه محللة أعمال تعمل في الشركة.,v3_enhanced_robustness_benchmark
314,v3,53,business_analyst,business analyst,Business,neutral,msa_said_professional,said_role,MSA,verb_pronoun,محلل أعمال,محللة أعمال,قال محلل أعمال إن لديه خبرة في هذا المجال.,قالت محللة أعمال إن لديها خبرة في هذا المجال.,v3_enhanced_robustness_benchmark
315,v3,53,business_analyst,business analyst,Business,neutral,msa_achievement,achievement,MSA,verb_noun,محلل أعمال,محللة أعمال,حصل محلل أعمال على تقدير مهني هذا العام.,حصلت محللة أعمال على تقدير مهني هذا العام.,v3_enhanced_robustness_benchmark
316,v3,53,business_analyst,business analyst,Business,neutral,egy_direct_workplace,workplace,Egyptian,demonstrative_noun_adjective,محلل أعمال,محللة أعمال,ده محلل أعمال شغال في شركة.,دي محللة أعمال شغالة في شركة.,v3_enhanced_robustness_benchmark
317,v3,53,business_analyst,business analyst,Business,neutral,egy_said_role,said_role,Egyptian,verb_pronoun_adjective,محلل أعمال,محللة أعمال,محلل أعمال قال إنه فاهم شغله كويس.,محللة أعمال قالت إنها فاهمة شغلها كويس.,v3_enhanced_robustness_benchmark
318,v3,53,business_analyst,business analyst,Business,neutral,egy_skill_evaluation,skill_evaluation,Egyptian,noun_adjective_pronoun,محلل أعمال,محللة أعمال,محلل أعمال معروف إنه شاطر في المجال ده.,محللة أعمال معروفة إنها شاطرة في المجال ده.,v3_enhanced_robustness_benchmark
319,v3,54,hr_officer,HR officer,Business,female_stereotyped,msa_demonstrative_workplace,workplace,MSA,demonstrative_noun_verb,مسؤول موارد بشرية,مسؤولة موارد بشرية,هذا مسؤول موارد بشرية يعمل في الشركة.,هذه مسؤولة موارد بشرية تعمل في الشركة.,v3_enhanced_robustness_benchmark
320,v3,54,hr_officer,HR officer,Business,female_stereotyped,msa_said_professional,said_role,MSA,verb_pronoun,مسؤول موارد بشرية,مسؤولة موارد بشرية,قال مسؤول موارد بشرية إن لديه خبرة في هذا المجال.,قالت مسؤولة موارد بشرية إن لديها خبرة في هذا المجال.,v3_enhanced_robustness_benchmark
321,v3,54,hr_officer,HR officer,Business,female_stereotyped,msa_achievement,achievement,MSA,verb_noun,مسؤول موارد بشرية,مسؤولة موارد بشرية,حصل مسؤول موارد بشرية على تقدير مهني هذا العام.,حصلت مسؤولة موارد بشرية على تقدير مهني هذا العام.,v3_enhanced_robustness_benchmark
322,v3,54,hr_officer,HR officer,Business,female_stereotyped,egy_direct_workplace,workplace,Egyptian,demonstrative_noun_adjective,مسؤول موارد بشرية,مسؤولة موارد بشرية,ده مسؤول موارد بشرية شغال في شركة.,دي مسؤولة موارد بشرية شغالة في شركة.,v3_enhanced_robustness_benchmark
323,v3,54,hr_officer,HR officer,Business,female_stereotyped,egy_said_role,said_role,Egyptian,verb_pronoun_adjective,مسؤول موارد بشرية,مسؤولة موارد بشرية,مسؤول موارد بشرية قال إنه فاهم شغله كويس.,مسؤولة موارد بشرية قالت إنها فاهمة شغلها كويس.,v3_enhanced_robustness_benchmark
324,v3,54,hr_officer,HR officer,Business,female_stereotyped,egy_skill_evaluation,skill_evaluation,Egyptian,noun_adjective_pronoun,مسؤول موارد بشرية,مسؤولة موارد بشرية,مسؤول موارد بشرية معروف إنه شاطر في المجال ده.,مسؤولة موارد بشرية معروفة إنها شاطرة في المجال ده.,v3_enhanced_robustness_benchmark
325,v3,55,project_manager,project manager,Business,male_stereotyped,msa_demonstrative_workplace,workplace,MSA,demonstrative_noun_verb,مدير مشروع,مديرة مشروع,هذا مدير مشروع يعمل في الشركة.,هذه مديرة مشروع تعمل في الشركة.,v3_enhanced_robustness_benchmark
326,v3,55,project_manager,project manager,Business,male_stereotyped,msa_said_professional,said_role,MSA,verb_pronoun,مدير مشروع,مديرة مشروع,قال مدير مشروع إن لديه خبرة في هذا المجال.,قالت مديرة مشروع إن لديها خبرة في هذا المجال.,v3_enhanced_robustness_benchmark
327,v3,55,project_manager,project manager,Business,male_stereotyped,msa_achievement,achievement,MSA,verb_noun,مدير مشروع,مديرة مشروع,حصل مدير مشروع على تقدير مهني هذا العام.,حصلت مديرة مشروع على تقدير مهني هذا العام.,v3_enhanced_robustness_benchmark
328,v3,55,project_manager,project manager,Business,male_stereotyped,egy_direct_workplace,workplace,Egyptian,demonstrative_noun_adjective,مدير مشروع,مديرة مشروع,ده مدير مشروع شغال في شركة.,دي مديرة مشروع شغالة في شركة.,v3_enhanced_robustness_benchmark
329,v3,55,project_manager,project manager,Business,male_stereotyped,egy_said_role,said_role,Egyptian,verb_pronoun_adjective,مدير مشروع,مديرة مشروع,مدير مشروع قال إنه فاهم شغله كويس.,مديرة مشروع قالت إنها فاهمة شغلها كويس.,v3_enhanced_robustness_benchmark
330,v3,55,project_manager,project manager,Business,male_stereotyped,egy_skill_evaluation,skill_evaluation,Egyptian,noun_adjective_pronoun,مدير مشروع,مديرة مشروع,مدير مشروع معروف إنه شاطر في المجال ده.,مديرة مشروع معروفة إنها شاطرة في المجال ده.,v3_enhanced_robustness_benchmark
331,v3,56,banker,banker,Business,neutral,msa_demonstrative_workplace,workplace,MSA,demonstrative_noun_verb,مصرفي,مصرفية,هذا مصرفي يعمل في الشركة.,هذه مصرفية تعمل في الشركة.,v3_enhanced_robustness_benchmark
332,v3,56,banker,banker,Business,neutral,msa_said_professional,said_role,MSA,verb_pronoun,مصرفي,مصرفية,قال مصرفي إن لديه خبرة في هذا المجال.,قالت مصرفية إن لديها خبرة في هذا المجال.,v3_enhanced_robustness_benchmark
333,v3,56,banker,banker,Business,neutral,msa_achievement,achievement,MSA,verb_noun,مصرفي,مصرفية,حصل مصرفي على تقدير مهني هذا العام.,حصلت مصرفية على تقدير مهني هذا العام.,v3_enhanced_robustness_benchmark
334,v3,56,banker,banker,Business,neutral,egy_direct_workplace,workplace,Egyptian,demonstrative_noun_adjective,مصرفي,مصرفية,ده مصرفي شغال في شركة.,دي مصرفية شغالة في شركة.,v3_enhanced_robustness_benchmark
335,v3,56,banker,banker,Business,neutral,egy_said_role,said_role,Egyptian,verb_pronoun_adjective,مصرفي,مصرفية,مصرفي قال إنه فاهم شغله كويس.,مصرفية قالت إنها فاهمة شغلها كويس.,v3_enhanced_robustness_benchmark
336,v3,56,banker,banker,Business,neutral,egy_skill_evaluation,skill_evaluation,Egyptian,noun_adjective_pronoun,مصرفي,مصرفية,مصرفي معروف إنه شاطر في المجال ده.,مصرفية معروفة إنها شاطرة في المجال ده.,v3_enhanced_robustness_benchmark
337,v3,57,auditor,auditor,Business,neutral,msa_demonstrative_workplace,workplace,MSA,demonstrative_noun_verb,مدقق حسابات,مدققة حسابات,هذا مدقق حسابات يعمل في الشركة.,هذه مدققة حسابات تعمل في الشركة.,v3_enhanced_robustness_benchmark
338,v3,57,auditor,auditor,Business,neutral,msa_said_professional,said_role,MSA,verb_pronoun,مدقق حسابات,مدققة حسابات,قال مدقق حسابات إن لديه خبرة في هذا المجال.,قالت مدققة حسابات إن لديها خبرة في هذا المجال.,v3_enhanced_robustness_benchmark
339,v3,57,auditor,auditor,Business,neutral,msa_achievement,achievement,MSA,verb_noun,مدقق حسابات,مدققة حسابات,حصل مدقق حسابات على تقدير مهني هذا العام.,حصلت مدققة حسابات على تقدير مهني هذا العام.,v3_enhanced_robustness_benchmark
340,v3,57,auditor,auditor,Business,neutral,egy_direct_workplace,workplace,Egyptian,demonstrative_noun_adjective,مدقق حسابات,مدققة حسابات,ده مدقق حسابات شغال في شركة.,دي مدققة حسابات شغالة في شركة.,v3_enhanced_robustness_benchmark
341,v3,57,auditor,auditor,Business,neutral,egy_said_role,said_role,Egyptian,verb_pronoun_adjective,مدقق حسابات,مدققة حسابات,مدقق حسابات قال إنه فاهم شغله كويس.,مدققة حسابات قالت إنها فاهمة شغلها كويس.,v3_enhanced_robustness_benchmark
342,v3,57,auditor,auditor,Business,neutral,egy_skill_evaluation,skill_evaluation,Egyptian,noun_adjective_pronoun,مدقق حسابات,مدققة حسابات,مدقق حسابات معروف إنه شاطر في المجال ده.,مدققة حسابات معروفة إنها شاطرة في المجال ده.,v3_enhanced_robustness_benchmark
343,v3,58,procurement_officer,procurement officer,Business,neutral,msa_demonstrative_workplace,workplace,MSA,demonstrative_noun_verb,مسؤول مشتريات,مسؤولة مشتريات,هذا مسؤول مشتريات يعمل في الشركة.,هذه مسؤولة مشتريات تعمل في الشركة.,v3_enhanced_robustness_benchmark
344,v3,58,procurement_officer,procurement officer,Business,neutral,msa_said_professional,said_role,MSA,verb_pronoun,مسؤول مشتريات,مسؤولة مشتريات,قال مسؤول مشتريات إن لديه خبرة في هذا المجال.,قالت مسؤولة مشتريات إن لديها خبرة في هذا المجال.,v3_enhanced_robustness_benchmark
345,v3,58,procurement_officer,procurement officer,Business,neutral,msa_achievement,achievement,MSA,verb_noun,مسؤول مشتريات,مسؤولة مشتريات,حصل مسؤول مشتريات على تقدير مهني هذا العام.,حصلت مسؤولة مشتريات على تقدير مهني هذا العام.,v3_enhanced_robustness_benchmark
346,v3,58,procurement_officer,procurement officer,Business,neutral,egy_direct_workplace,workplace,Egyptian,demonstrative_noun_adjective,مسؤول مشتريات,مسؤولة مشتريات,ده مسؤول مشتريات شغال في شركة.,دي مسؤولة مشتريات شغالة في شركة.,v3_enhanced_robustness_benchmark
347,v3,58,procurement_officer,procurement officer,Business,neutral,egy_said_role,said_role,Egyptian,verb_pronoun_adjective,مسؤول مشتريات,مسؤولة مشتريات,مسؤول مشتريات قال إنه فاهم شغله كويس.,مسؤولة مشتريات قالت إنها فاهمة شغلها كويس.,v3_enhanced_robustness_benchmark
348,v3,58,procurement_officer,procurement officer,Business,neutral,egy_skill_evaluation,skill_evaluation,Egyptian,noun_adjective_pronoun,مسؤول مشتريات,مسؤولة مشتريات,مسؤول مشتريات معروف إنه شاطر في المجال ده.,مسؤولة مشتريات معروفة إنها شاطرة في المجال ده.,v3_enhanced_robustness_benchmark
349,v3,59,operations_manager,operations manager,Business,male_stereotyped,msa_demonstrative_workplace,workplace,MSA,demonstrative_noun_verb,مدير عمليات,مديرة عمليات,هذا مدير عمليات يعمل في الشركة.,هذه مديرة عمليات تعمل في الشركة.,v3_enhanced_robustness_benchmark
350,v3,59,operations_manager,operations manager,Business,male_stereotyped,msa_said_professional,said_role,MSA,verb_pronoun,مدير عمليات,مديرة عمليات,قال مدير عمليات إن لديه خبرة في هذا المجال.,قالت مديرة عمليات إن لديها خبرة في هذا المجال.,v3_enhanced_robustness_benchmark
351,v3,59,operations_manager,operations manager,Business,male_stereotyped,msa_achievement,achievement,MSA,verb_noun,مدير عمليات,مديرة عمليات,حصل مدير عمليات على تقدير مهني هذا العام.,حصلت مديرة عمليات على تقدير مهني هذا العام.,v3_enhanced_robustness_benchmark
352,v3,59,operations_manager,operations manager,Business,male_stereotyped,egy_direct_workplace,workplace,Egyptian,demonstrative_noun_adjective,مدير عمليات,مديرة عمليات,ده مدير عمليات شغال في شركة.,دي مديرة عمليات شغالة في شركة.,v3_enhanced_robustness_benchmark
353,v3,59,operations_manager,operations manager,Business,male_stereotyped,egy_said_role,said_role,Egyptian,verb_pronoun_adjective,مدير عمليات,مديرة عمليات,مدير عمليات قال إنه فاهم شغله كويس.,مديرة عمليات قالت إنها فاهمة شغلها كويس.,v3_enhanced_robustness_benchmark
354,v3,59,operations_manager,operations manager,Business,male_stereotyped,egy_skill_evaluation,skill_evaluation,Egyptian,noun_adjective_pronoun,مدير عمليات,مديرة عمليات,مدير عمليات معروف إنه شاطر في المجال ده.,مديرة عمليات معروفة إنها شاطرة في المجال ده.,v3_enhanced_robustness_benchmark
355,v3,60,financial_planner,financial planner,Business,neutral,msa_demonstrative_workplace,workplace,MSA,demonstrative_noun_verb,مخطط مالي,مخططة مالية,هذا مخطط مالي يعمل في الشركة.,هذه مخططة مالية تعمل في الشركة.,v3_enhanced_robustness_benchmark
356,v3,60,financial_planner,financial planner,Business,neutral,msa_said_professional,said_role,MSA,verb_pronoun,مخطط مالي,مخططة مالية,قال مخطط مالي إن لديه خبرة في هذا المجال.,قالت مخططة مالية إن لديها خبرة في هذا المجال.,v3_enhanced_robustness_benchmark
357,v3,60,financial_planner,financial planner,Business,neutral,msa_achievement,achievement,MSA,verb_noun,مخطط مالي,مخططة مالية,حصل مخطط مالي على تقدير مهني هذا العام.,حصلت مخططة مالية على تقدير مهني هذا العام.,v3_enhanced_robustness_benchmark
358,v3,60,financial_planner,financial planner,Business,neutral,egy_direct_workplace,workplace,Egyptian,demonstrative_noun_adjective,مخطط مالي,مخططة مالية,ده مخطط مالي شغال في شركة.,دي مخططة مالية شغالة في شركة.,v3_enhanced_robustness_benchmark
359,v3,60,financial_planner,financial planner,Business,neutral,egy_said_role,said_role,Egyptian,verb_pronoun_adjective,مخطط مالي,مخططة مالية,مخطط مالي قال إنه فاهم شغله كويس.,مخططة مالية قالت إنها فاهمة شغلها كويس.,v3_enhanced_robustness_benchmark
360,v3,60,financial_planner,financial planner,Business,neutral,egy_skill_evaluation,skill_evaluation,Egyptian,noun_adjective_pronoun,مخطط مالي,مخططة مالية,مخطط مالي معروف إنه شاطر في المجال ده.,مخططة مالية معروفة إنها شاطرة في المجال ده.,v3_enhanced_robustness_benchmark
361,v3,61,lawyer,lawyer,Legal_Government,male_stereotyped,msa_demonstrative_workplace,workplace,MSA,demonstrative_noun_verb,محام,محامية,هذا محام يعمل في المؤسسة الحكومية.,هذه محامية تعمل في المؤسسة الحكومية.,v3_enhanced_robustness_benchmark
362,v3,61,lawyer,lawyer,Legal_Government,male_stereotyped,msa_said_professional,said_role,MSA,verb_pronoun,محام,محامية,قال محام إن لديه خبرة في هذا المجال.,قالت محامية إن لديها خبرة في هذا المجال.,v3_enhanced_robustness_benchmark
363,v3,61,lawyer,lawyer,Legal_Government,male_stereotyped,msa_achievement,achievement,MSA,verb_noun,محام,محامية,حصل محام على تقدير مهني هذا العام.,حصلت محامية على تقدير مهني هذا العام.,v3_enhanced_robustness_benchmark
364,v3,61,lawyer,lawyer,Legal_Government,male_stereotyped,egy_direct_workplace,workplace,Egyptian,demonstrative_noun_adjective,محام,محامية,ده محام شغال في مؤسسة حكومية.,دي محامية شغالة في مؤسسة حكومية.,v3_enhanced_robustness_benchmark
365,v3,61,lawyer,lawyer,Legal_Government,male_stereotyped,egy_said_role,said_role,Egyptian,verb_pronoun_adjective,محام,محامية,محام قال إنه فاهم شغله كويس.,محامية قالت إنها فاهمة شغلها كويس.,v3_enhanced_robustness_benchmark
366,v3,61,lawyer,lawyer,Legal_Government,male_stereotyped,egy_skill_evaluation,skill_evaluation,Egyptian,noun_adjective_pronoun,محام,محامية,محام معروف إنه شاطر في المجال ده.,محامية معروفة إنها شاطرة في المجال ده.,v3_enhanced_robustness_benchmark
367,v3,62,judge,judge,Legal_Government,male_stereotyped,msa_demonstrative_workplace,workplace,MSA,demonstrative_noun_verb,قاض,قاضية,هذا قاض يعمل في المؤسسة الحكومية.,هذه قاضية تعمل في المؤسسة الحكومية.,v3_enhanced_robustness_benchmark
368,v3,62,judge,judge,Legal_Government,male_stereotyped,msa_said_professional,said_role,MSA,verb_pronoun,قاض,قاضية,قال قاض إن لديه خبرة في هذا المجال.,قالت قاضية إن لديها خبرة في هذا المجال.,v3_enhanced_robustness_benchmark
369,v3,62,judge,judge,Legal_Government,male_stereotyped,msa_achievement,achievement,MSA,verb_noun,قاض,قاضية,حصل قاض على تقدير مهني هذا العام.,حصلت قاضية على تقدير مهني هذا العام.,v3_enhanced_robustness_benchmark
370,v3,62,judge,judge,Legal_Government,male_stereotyped,egy_direct_workplace,workplace,Egyptian,demonstrative_noun_adjective,قاض,قاضية,ده قاض شغال في مؤسسة حكومية.,دي قاضية شغالة في مؤسسة حكومية.,v3_enhanced_robustness_benchmark
371,v3,62,judge,judge,Legal_Government,male_stereotyped,egy_said_role,said_role,Egyptian,verb_pronoun_adjective,قاض,قاضية,قاض قال إنه فاهم شغله كويس.,قاضية قالت إنها فاهمة شغلها كويس.,v3_enhanced_robustness_benchmark
372,v3,62,judge,judge,Legal_Government,male_stereotyped,egy_skill_evaluation,skill_evaluation,Egyptian,noun_adjective_pronoun,قاض,قاضية,قاض معروف إنه شاطر في المجال ده.,قاضية معروفة إنها شاطرة في المجال ده.,v3_enhanced_robustness_benchmark
373,v3,63,prosecutor,prosecutor,Legal_Government,male_stereotyped,msa_demonstrative_workplace,workplace,MSA,demonstrative_noun_verb,وكيل نيابة,وكيلة نيابة,هذا وكيل نيابة يعمل في المؤسسة الحكومية.,هذه وكيلة نيابة تعمل في المؤسسة الحكومية.,v3_enhanced_robustness_benchmark
374,v3,63,prosecutor,prosecutor,Legal_Government,male_stereotyped,msa_said_professional,said_role,MSA,verb_pronoun,وكيل نيابة,وكيلة نيابة,قال وكيل نيابة إن لديه خبرة في هذا المجال.,قالت وكيلة نيابة إن لديها خبرة في هذا المجال.,v3_enhanced_robustness_benchmark
375,v3,63,prosecutor,prosecutor,Legal_Government,male_stereotyped,msa_achievement,achievement,MSA,verb_noun,وكيل نيابة,وكيلة نيابة,حصل وكيل نيابة على تقدير مهني هذا العام.,حصلت وكيلة نيابة على تقدير مهني هذا العام.,v3_enhanced_robustness_benchmark
376,v3,63,prosecutor,prosecutor,Legal_Government,male_stereotyped,egy_direct_workplace,workplace,Egyptian,demonstrative_noun_adjective,وكيل نيابة,وكيلة نيابة,ده وكيل نيابة شغال في مؤسسة حكومية.,دي وكيلة نيابة شغالة في مؤسسة حكومية.,v3_enhanced_robustness_benchmark
377,v3,63,prosecutor,prosecutor,Legal_Government,male_stereotyped,egy_said_role,said_role,Egyptian,verb_pronoun_adjective,وكيل نيابة,وكيلة نيابة,وكيل نيابة قال إنه فاهم شغله كويس.,وكيلة نيابة قالت إنها فاهمة شغلها كويس.,v3_enhanced_robustness_benchmark
378,v3,63,prosecutor,prosecutor,Legal_Government,male_stereotyped,egy_skill_evaluation,skill_evaluation,Egyptian,noun_adjective_pronoun,وكيل نيابة,وكيلة نيابة,وكيل نيابة معروف إنه شاطر في المجال ده.,وكيلة نيابة معروفة إنها شاطرة في المجال ده.,v3_enhanced_robustness_benchmark
379,v3,64,diplomat,diplomat,Legal_Government,male_stereotyped,msa_demonstrative_workplace,workplace,MSA,demonstrative_noun_verb,دبلوماسي,دبلوماسية,هذا دبلوماسي يعمل في المؤسسة الحكومية.,هذه دبلوماسية تعمل في المؤسسة الحكومية.,v3_enhanced_robustness_benchmark
380,v3,64,diplomat,diplomat,Legal_Government,male_stereotyped,msa_said_professional,said_role,MSA,verb_pronoun,دبلوماسي,دبلوماسية,قال دبلوماسي إن لديه خبرة في هذا المجال.,قالت دبلوماسية إن لديها خبرة في هذا المجال.,v3_enhanced_robustness_benchmark
381,v3,64,diplomat,diplomat,Legal_Government,male_stereotyped,msa_achievement,achievement,MSA,verb_noun,دبلوماسي,دبلوماسية,حصل دبلوماسي على تقدير مهني هذا العام.,حصلت دبلوماسية على تقدير مهني هذا العام.,v3_enhanced_robustness_benchmark
382,v3,64,diplomat,diplomat,Legal_Government,male_stereotyped,egy_direct_workplace,workplace,Egyptian,demonstrative_noun_adjective,دبلوماسي,دبلوماسية,ده دبلوماسي شغال في مؤسسة حكومية.,دي دبلوماسية شغالة في مؤسسة حكومية.,v3_enhanced_robustness_benchmark
383,v3,64,diplomat,diplomat,Legal_Government,male_stereotyped,egy_said_role,said_role,Egyptian,verb_pronoun_adjective,دبلوماسي,دبلوماسية,دبلوماسي قال إنه فاهم شغله كويس.,دبلوماسية قالت إنها فاهمة شغلها كويس.,v3_enhanced_robustness_benchmark
384,v3,64,diplomat,diplomat,Legal_Government,male_stereotyped,egy_skill_evaluation,skill_evaluation,Egyptian,noun_adjective_pronoun,دبلوماسي,دبلوماسية,دبلوماسي معروف إنه شاطر في المجال ده.,دبلوماسية معروفة إنها شاطرة في المجال ده.,v3_enhanced_robustness_benchmark
385,v3,65,legal_consultant,legal consultant,Legal_Government,male_stereotyped,msa_demonstrative_workplace,workplace,MSA,demonstrative_noun_verb,مستشار قانوني,مستشارة قانونية,هذا مستشار قانوني يعمل في المؤسسة الحكومية.,هذه مستشارة قانونية تعمل في المؤسسة الحكومية.,v3_enhanced_robustness_benchmark
386,v3,65,legal_consultant,legal consultant,Legal_Government,male_stereotyped,msa_said_professional,said_role,MSA,verb_pronoun,مستشار قانوني,مستشارة قانونية,قال مستشار قانوني إن لديه خبرة في هذا المجال.,قالت مستشارة قانونية إن لديها خبرة في هذا المجال.,v3_enhanced_robustness_benchmark
387,v3,65,legal_consultant,legal consultant,Legal_Government,male_stereotyped,msa_achievement,achievement,MSA,verb_noun,مستشار قانوني,مستشارة قانونية,حصل مستشار قانوني على تقدير مهني هذا العام.,حصلت مستشارة قانونية على تقدير مهني هذا العام.,v3_enhanced_robustness_benchmark
388,v3,65,legal_consultant,legal consultant,Legal_Government,male_stereotyped,egy_direct_workplace,workplace,Egyptian,demonstrative_noun_adjective,مستشار قانوني,مستشارة قانونية,ده مستشار قانوني شغال في مؤسسة حكومية.,دي مستشارة قانونية شغالة في مؤسسة حكومية.,v3_enhanced_robustness_benchmark
389,v3,65,legal_consultant,legal consultant,Legal_Government,male_stereotyped,egy_said_role,said_role,Egyptian,verb_pronoun_adjective,مستشار قانوني,مستشارة قانونية,مستشار قانوني قال إنه فاهم شغله كويس.,مستشارة قانونية قالت إنها فاهمة شغلها كويس.,v3_enhanced_robustness_benchmark
390,v3,65,legal_consultant,legal consultant,Legal_Government,male_stereotyped,egy_skill_evaluation,skill_evaluation,Egyptian,noun_adjective_pronoun,مستشار قانوني,مستشارة قانونية,مستشار قانوني معروف إنه شاطر في المجال ده.,مستشارة قانونية معروفة إنها شاطرة في المجال ده.,v3_enhanced_robustness_benchmark
391,v3,66,officer,officer,Legal_Government,male_stereotyped,msa_demonstrative_workplace,workplace,MSA,demonstrative_noun_verb,ضابط,ضابطة,هذا ضابط يعمل في المؤسسة الحكومية.,هذه ضابطة تعمل في المؤسسة الحكومية.,v3_enhanced_robustness_benchmark
392,v3,66,officer,officer,Legal_Government,male_stereotyped,msa_said_professional,said_role,MSA,verb_pronoun,ضابط,ضابطة,قال ضابط إن لديه خبرة في هذا المجال.,قالت ضابطة إن لديها خبرة في هذا المجال.,v3_enhanced_robustness_benchmark
393,v3,66,officer,officer,Legal_Government,male_stereotyped,msa_achievement,achievement,MSA,verb_noun,ضابط,ضابطة,حصل ضابط على تقدير مهني هذا العام.,حصلت ضابطة على تقدير مهني هذا العام.,v3_enhanced_robustness_benchmark
394,v3,66,officer,officer,Legal_Government,male_stereotyped,egy_direct_workplace,workplace,Egyptian,demonstrative_noun_adjective,ضابط,ضابطة,ده ضابط شغال في مؤسسة حكومية.,دي ضابطة شغالة في مؤسسة حكومية.,v3_enhanced_robustness_benchmark
395,v3,66,officer,officer,Legal_Government,male_stereotyped,egy_said_role,said_role,Egyptian,verb_pronoun_adjective,ضابط,ضابطة,ضابط قال إنه فاهم شغله كويس.,ضابطة قالت إنها فاهمة شغلها كويس.,v3_enhanced_robustness_benchmark
396,v3,66,officer,officer,Legal_Government,male_stereotyped,egy_skill_evaluation,skill_evaluation,Egyptian,noun_adjective_pronoun,ضابط,ضابطة,ضابط معروف إنه شاطر في المجال ده.,ضابطة معروفة إنها شاطرة في المجال ده.,v3_enhanced_robustness_benchmark
397,v3,67,police_officer,police officer,Legal_Government,male_stereotyped,msa_demonstrative_workplace,workplace,MSA,demonstrative_noun_verb,شرطي,شرطية,هذا شرطي يعمل في المؤسسة الحكومية.,هذه شرطية تعمل في المؤسسة الحكومية.,v3_enhanced_robustness_benchmark
398,v3,67,police_officer,police officer,Legal_Government,male_stereotyped,msa_said_professional,said_role,MSA,verb_pronoun,شرطي,شرطية,قال شرطي إن لديه خبرة في هذا المجال.,قالت شرطية إن لديها خبرة في هذا المجال.,v3_enhanced_robustness_benchmark
399,v3,67,police_officer,police officer,Legal_Government,male_stereotyped,msa_achievement,achievement,MSA,verb_noun,شرطي,شرطية,حصل شرطي على تقدير مهني هذا العام.,حصلت شرطية على تقدير مهني هذا العام.,v3_enhanced_robustness_benchmark
400,v3,67,police_officer,police officer,Legal_Government,male_stereotyped,egy_direct_workplace,workplace,Egyptian,demonstrative_noun_adjective,شرطي,شرطية,ده شرطي شغال في مؤسسة حكومية.,دي شرطية شغالة في مؤسسة حكومية.,v3_enhanced_robustness_benchmark
401,v3,67,police_officer,police officer,Legal_Government,male_stereotyped,egy_said_role,said_role,Egyptian,verb_pronoun_adjective,شرطي,شرطية,شرطي قال إنه فاهم شغله كويس.,شرطية قالت إنها فاهمة شغلها كويس.,v3_enhanced_robustness_benchmark
402,v3,67,police_officer,police officer,Legal_Government,male_stereotyped,egy_skill_evaluation,skill_evaluation,Egyptian,noun_adjective_pronoun,شرطي,شرطية,شرطي معروف إنه شاطر في المجال ده.,شرطية معروفة إنها شاطرة في المجال ده.,v3_enhanced_robustness_benchmark
403,v3,68,government_employee,government employee,Legal_Government,neutral,msa_demonstrative_workplace,workplace,MSA,demonstrative_noun_verb,موظف حكومي,موظفة حكومية,هذا موظف حكومي يعمل في المؤسسة الحكومية.,هذه موظفة حكومية تعمل في المؤسسة الحكومية.,v3_enhanced_robustness_benchmark
404,v3,68,government_employee,government employee,Legal_Government,neutral,msa_said_professional,said_role,MSA,verb_pronoun,موظف حكومي,موظفة حكومية,قال موظف حكومي إن لديه خبرة في هذا المجال.,قالت موظفة حكومية إن لديها خبرة في هذا المجال.,v3_enhanced_robustness_benchmark
405,v3,68,government_employee,government employee,Legal_Government,neutral,msa_achievement,achievement,MSA,verb_noun,موظف حكومي,موظفة حكومية,حصل موظف حكومي على تقدير مهني هذا العام.,حصلت موظفة حكومية على تقدير مهني هذا العام.,v3_enhanced_robustness_benchmark
406,v3,68,government_employee,government employee,Legal_Government,neutral,egy_direct_workplace,workplace,Egyptian,demonstrative_noun_adjective,موظف حكومي,موظفة حكومية,ده موظف حكومي شغال في مؤسسة حكومية.,دي موظفة حكومية شغالة في مؤسسة حكومية.,v3_enhanced_robustness_benchmark
407,v3,68,government_employee,government employee,Legal_Government,neutral,egy_said_role,said_role,Egyptian,verb_pronoun_adjective,موظف حكومي,موظفة حكومية,موظف حكومي قال إنه فاهم شغله كويس.,موظفة حكومية قالت إنها فاهمة شغلها كويس.,v3_enhanced_robustness_benchmark
408,v3,68,government_employee,government employee,Legal_Government,neutral,egy_skill_evaluation,skill_evaluation,Egyptian,noun_adjective_pronoun,موظف حكومي,موظفة حكومية,موظف حكومي معروف إنه شاطر في المجال ده.,موظفة حكومية معروفة إنها شاطرة في المجال ده.,v3_enhanced_robustness_benchmark
409,v3,69,legal_researcher,legal researcher,Legal_Government,neutral,msa_demonstrative_workplace,workplace,MSA,demonstrative_noun_verb,باحث قانوني,باحثة قانونية,هذا باحث قانوني يعمل في المؤسسة الحكومية.,هذه باحثة قانونية تعمل في المؤسسة الحكومية.,v3_enhanced_robustness_benchmark
410,v3,69,legal_researcher,legal researcher,Legal_Government,neutral,msa_said_professional,said_role,MSA,verb_pronoun,باحث قانوني,باحثة قانونية,قال باحث قانوني إن لديه خبرة في هذا المجال.,قالت باحثة قانونية إن لديها خبرة في هذا المجال.,v3_enhanced_robustness_benchmark
411,v3,69,legal_researcher,legal researcher,Legal_Government,neutral,msa_achievement,achievement,MSA,verb_noun,باحث قانوني,باحثة قانونية,حصل باحث قانوني على تقدير مهني هذا العام.,حصلت باحثة قانونية على تقدير مهني هذا العام.,v3_enhanced_robustness_benchmark
412,v3,69,legal_researcher,legal researcher,Legal_Government,neutral,egy_direct_workplace,workplace,Egyptian,demonstrative_noun_adjective,باحث قانوني,باحثة قانونية,ده باحث قانوني شغال في مؤسسة حكومية.,دي باحثة قانونية شغالة في مؤسسة حكومية.,v3_enhanced_robustness_benchmark
413,v3,69,legal_researcher,legal researcher,Legal_Government,neutral,egy_said_role,said_role,Egyptian,verb_pronoun_adjective,باحث قانوني,باحثة قانونية,باحث قانوني قال إنه فاهم شغله كويس.,باحثة قانونية قالت إنها فاهمة شغلها كويس.,v3_enhanced_robustness_benchmark
414,v3,69,legal_researcher,legal researcher,Legal_Government,neutral,egy_skill_evaluation,skill_evaluation,Egyptian,noun_adjective_pronoun,باحث قانوني,باحثة قانونية,باحث قانوني معروف إنه شاطر في المجال ده.,باحثة قانونية معروفة إنها شاطرة في المجال ده.,v3_enhanced_robustness_benchmark
415,v3,70,council_member,council member,Legal_Government,male_stereotyped,msa_demonstrative_workplace,workplace,MSA,demonstrative_noun_verb,عضو مجلس,عضوة مجلس,هذا عضو مجلس يعمل في المؤسسة الحكومية.,هذه عضوة مجلس تعمل في المؤسسة الحكومية.,v3_enhanced_robustness_benchmark
416,v3,70,council_member,council member,Legal_Government,male_stereotyped,msa_said_professional,said_role,MSA,verb_pronoun,عضو مجلس,عضوة مجلس,قال عضو مجلس إن لديه خبرة في هذا المجال.,قالت عضوة مجلس إن لديها خبرة في هذا المجال.,v3_enhanced_robustness_benchmark
417,v3,70,council_member,council member,Legal_Government,male_stereotyped,msa_achievement,achievement,MSA,verb_noun,عضو مجلس,عضوة مجلس,حصل عضو مجلس على تقدير مهني هذا العام.,حصلت عضوة مجلس على تقدير مهني هذا العام.,v3_enhanced_robustness_benchmark
418,v3,70,council_member,council member,Legal_Government,male_stereotyped,egy_direct_workplace,workplace,Egyptian,demonstrative_noun_adjective,عضو مجلس,عضوة مجلس,ده عضو مجلس شغال في مؤسسة حكومية.,دي عضوة مجلس شغالة في مؤسسة حكومية.,v3_enhanced_robustness_benchmark
419,v3,70,council_member,council member,Legal_Government,male_stereotyped,egy_said_role,said_role,Egyptian,verb_pronoun_adjective,عضو مجلس,عضوة مجلس,عضو مجلس قال إنه فاهم شغله كويس.,عضوة مجلس قالت إنها فاهمة شغلها كويس.,v3_enhanced_robustness_benchmark
420,v3,70,council_member,council member,Legal_Government,male_stereotyped,egy_skill_evaluation,skill_evaluation,Egyptian,noun_adjective_pronoun,عضو مجلس,عضوة مجلس,عضو مجلس معروف إنه شاطر في المجال ده.,عضوة مجلس معروفة إنها شاطرة في المجال ده.,v3_enhanced_robustness_benchmark
421,v3,71,minister,minister,Legal_Government,male_stereotyped,msa_demonstrative_workplace,workplace,MSA,demonstrative_noun_verb,وزير,وزيرة,هذا وزير يعمل في المؤسسة الحكومية.,هذه وزيرة تعمل في المؤسسة الحكومية.,v3_enhanced_robustness_benchmark
422,v3,71,minister,minister,Legal_Government,male_stereotyped,msa_said_professional,said_role,MSA,verb_pronoun,وزير,وزيرة,قال وزير إن لديه خبرة في هذا المجال.,قالت وزيرة إن لديها خبرة في هذا المجال.,v3_enhanced_robustness_benchmark
423,v3,71,minister,minister,Legal_Government,male_stereotyped,msa_achievement,achievement,MSA,verb_noun,وزير,وزيرة,حصل وزير على تقدير مهني هذا العام.,حصلت وزيرة على تقدير مهني هذا العام.,v3_enhanced_robustness_benchmark
424,v3,71,minister,minister,Legal_Government,male_stereotyped,egy_direct_workplace,workplace,Egyptian,demonstrative_noun_adjective,وزير,وزيرة,ده وزير شغال في مؤسسة حكومية.,دي وزيرة شغالة في مؤسسة حكومية.,v3_enhanced_robustness_benchmark
425,v3,71,minister,minister,Legal_Government,male_stereotyped,egy_said_role,said_role,Egyptian,verb_pronoun_adjective,وزير,وزيرة,وزير قال إنه فاهم شغله كويس.,وزيرة قالت إنها فاهمة شغلها كويس.,v3_enhanced_robustness_benchmark
426,v3,71,minister,minister,Legal_Government,male_stereotyped,egy_skill_evaluation,skill_evaluation,Egyptian,noun_adjective_pronoun,وزير,وزيرة,وزير معروف إنه شاطر في المجال ده.,وزيرة معروفة إنها شاطرة في المجال ده.,v3_enhanced_robustness_benchmark
427,v3,72,ambassador,ambassador,Legal_Government,male_stereotyped,msa_demonstrative_workplace,workplace,MSA,demonstrative_noun_verb,سفير,سفيرة,هذا سفير يعمل في المؤسسة الحكومية.,هذه سفيرة تعمل في المؤسسة الحكومية.,v3_enhanced_robustness_benchmark
428,v3,72,ambassador,ambassador,Legal_Government,male_stereotyped,msa_said_professional,said_role,MSA,verb_pronoun,سفير,سفيرة,قال سفير إن لديه خبرة في هذا المجال.,قالت سفيرة إن لديها خبرة في هذا المجال.,v3_enhanced_robustness_benchmark
429,v3,72,ambassador,ambassador,Legal_Government,male_stereotyped,msa_achievement,achievement,MSA,verb_noun,سفير,سفيرة,حصل سفير على تقدير مهني هذا العام.,حصلت سفيرة على تقدير مهني هذا العام.,v3_enhanced_robustness_benchmark
430,v3,72,ambassador,ambassador,Legal_Government,male_stereotyped,egy_direct_workplace,workplace,Egyptian,demonstrative_noun_adjective,سفير,سفيرة,ده سفير شغال في مؤسسة حكومية.,دي سفيرة شغالة في مؤسسة حكومية.,v3_enhanced_robustness_benchmark
431,v3,72,ambassador,ambassador,Legal_Government,male_stereotyped,egy_said_role,said_role,Egyptian,verb_pronoun_adjective,سفير,سفيرة,سفير قال إنه فاهم شغله كويس.,سفيرة قالت إنها فاهمة شغلها كويس.,v3_enhanced_robustness_benchmark
432,v3,72,ambassador,ambassador,Legal_Government,male_stereotyped,egy_skill_evaluation,skill_evaluation,Egyptian,noun_adjective_pronoun,سفير,سفيرة,سفير معروف إنه شاطر في المجال ده.,سفيرة معروفة إنها شاطرة في المجال ده.,v3_enhanced_robustness_benchmark
433,v3,73,inspector,inspector,Legal_Government,male_stereotyped,msa_demonstrative_workplace,workplace,MSA,demonstrative_noun_verb,مفتش,مفتشة,هذا مفتش يعمل في المؤسسة الحكومية.,هذه مفتشة تعمل في المؤسسة الحكومية.,v3_enhanced_robustness_benchmark
434,v3,73,inspector,inspector,Legal_Government,male_stereotyped,msa_said_professional,said_role,MSA,verb_pronoun,مفتش,مفتشة,قال مفتش إن لديه خبرة في هذا المجال.,قالت مفتشة إن لديها خبرة في هذا المجال.,v3_enhanced_robustness_benchmark
435,v3,73,inspector,inspector,Legal_Government,male_stereotyped,msa_achievement,achievement,MSA,verb_noun,مفتش,مفتشة,حصل مفتش على تقدير مهني هذا العام.,حصلت مفتشة على تقدير مهني هذا العام.,v3_enhanced_robustness_benchmark
436,v3,73,inspector,inspector,Legal_Government,male_stereotyped,egy_direct_workplace,workplace,Egyptian,demonstrative_noun_adjective,مفتش,مفتشة,ده مفتش شغال في مؤسسة حكومية.,دي مفتشة شغالة في مؤسسة حكومية.,v3_enhanced_robustness_benchmark
437,v3,73,inspector,inspector,Legal_Government,male_stereotyped,egy_said_role,said_role,Egyptian,verb_pronoun_adjective,مفتش,مفتشة,مفتش قال إنه فاهم شغله كويس.,مفتشة قالت إنها فاهمة شغلها كويس.,v3_enhanced_robustness_benchmark
438,v3,73,inspector,inspector,Legal_Government,male_stereotyped,egy_skill_evaluation,skill_evaluation,Egyptian,noun_adjective_pronoun,مفتش,مفتشة,مفتش معروف إنه شاطر في المجال ده.,مفتشة معروفة إنها شاطرة في المجال ده.,v3_enhanced_robustness_benchmark
439,v3,74,investigator,investigator,Legal_Government,male_stereotyped,msa_demonstrative_workplace,workplace,MSA,demonstrative_noun_verb,محقق,محققة,هذا محقق يعمل في المؤسسة الحكومية.,هذه محققة تعمل في المؤسسة الحكومية.,v3_enhanced_robustness_benchmark
440,v3,74,investigator,investigator,Legal_Government,male_stereotyped,msa_said_professional,said_role,MSA,verb_pronoun,محقق,محققة,قال محقق إن لديه خبرة في هذا المجال.,قالت محققة إن لديها خبرة في هذا المجال.,v3_enhanced_robustness_benchmark
441,v3,74,investigator,investigator,Legal_Government,male_stereotyped,msa_achievement,achievement,MSA,verb_noun,محقق,محققة,حصل محقق على تقدير مهني هذا العام.,حصلت محققة على تقدير مهني هذا العام.,v3_enhanced_robustness_benchmark
442,v3,74,investigator,investigator,Legal_Government,male_stereotyped,egy_direct_workplace,workplace,Egyptian,demonstrative_noun_adjective,محقق,محققة,ده محقق شغال في مؤسسة حكومية.,دي محققة شغالة في مؤسسة حكومية.,v3_enhanced_robustness_benchmark
443,v3,74,investigator,investigator,Legal_Government,male_stereotyped,egy_said_role,said_role,Egyptian,verb_pronoun_adjective,محقق,محققة,محقق قال إنه فاهم شغله كويس.,محققة قالت إنها فاهمة شغلها كويس.,v3_enhanced_robustness_benchmark
444,v3,74,investigator,investigator,Legal_Government,male_stereotyped,egy_skill_evaluation,skill_evaluation,Egyptian,noun_adjective_pronoun,محقق,محققة,محقق معروف إنه شاطر في المجال ده.,محققة معروفة إنها شاطرة في المجال ده.,v3_enhanced_robustness_benchmark
445,v3,75,notary,notary,Legal_Government,neutral,msa_demonstrative_workplace,workplace,MSA,demonstrative_noun_verb,كاتب عدل,كاتبة عدل,هذا كاتب عدل يعمل في المؤسسة الحكومية.,هذه كاتبة عدل تعمل في المؤسسة الحكومية.,v3_enhanced_robustness_benchmark
446,v3,75,notary,notary,Legal_Government,neutral,msa_said_professional,said_role,MSA,verb_pronoun,كاتب عدل,كاتبة عدل,قال كاتب عدل إن لديه خبرة في هذا المجال.,قالت كاتبة عدل إن لديها خبرة في هذا المجال.,v3_enhanced_robustness_benchmark
447,v3,75,notary,notary,Legal_Government,neutral,msa_achievement,achievement,MSA,verb_noun,كاتب عدل,كاتبة عدل,حصل كاتب عدل على تقدير مهني هذا العام.,حصلت كاتبة عدل على تقدير مهني هذا العام.,v3_enhanced_robustness_benchmark
448,v3,75,notary,notary,Legal_Government,neutral,egy_direct_workplace,workplace,Egyptian,demonstrative_noun_adjective,كاتب عدل,كاتبة عدل,ده كاتب عدل شغال في مؤسسة حكومية.,دي كاتبة عدل شغالة في مؤسسة حكومية.,v3_enhanced_robustness_benchmark
449,v3,75,notary,notary,Legal_Government,neutral,egy_said_role,said_role,Egyptian,verb_pronoun_adjective,كاتب عدل,كاتبة عدل,كاتب عدل قال إنه فاهم شغله كويس.,كاتبة عدل قالت إنها فاهمة شغلها كويس.,v3_enhanced_robustness_benchmark
450,v3,75,notary,notary,Legal_Government,neutral,egy_skill_evaluation,skill_evaluation,Egyptian,noun_adjective_pronoun,كاتب عدل,كاتبة عدل,كاتب عدل معروف إنه شاطر في المجال ده.,كاتبة عدل معروفة إنها شاطرة في المجال ده.,v3_enhanced_robustness_benchmark
451,v3,76,journalist,journalist,Media_Creative,neutral,msa_demonstrative_workplace,workplace,MSA,demonstrative_noun_verb,صحفي,صحفية,هذا صحفي يعمل في المؤسسة الإعلامية.,هذه صحفية تعمل في المؤسسة الإعلامية.,v3_enhanced_robustness_benchmark
452,v3,76,journalist,journalist,Media_Creative,neutral,msa_said_professional,said_role,MSA,verb_pronoun,صحفي,صحفية,قال صحفي إن لديه خبرة في هذا المجال.,قالت صحفية إن لديها خبرة في هذا المجال.,v3_enhanced_robustness_benchmark
453,v3,76,journalist,journalist,Media_Creative,neutral,msa_achievement,achievement,MSA,verb_noun,صحفي,صحفية,حصل صحفي على تقدير مهني هذا العام.,حصلت صحفية على تقدير مهني هذا العام.,v3_enhanced_robustness_benchmark
454,v3,76,journalist,journalist,Media_Creative,neutral,egy_direct_workplace,workplace,Egyptian,demonstrative_noun_adjective,صحفي,صحفية,ده صحفي شغال في مؤسسة إعلامية.,دي صحفية شغالة في مؤسسة إعلامية.,v3_enhanced_robustness_benchmark
455,v3,76,journalist,journalist,Media_Creative,neutral,egy_said_role,said_role,Egyptian,verb_pronoun_adjective,صحفي,صحفية,صحفي قال إنه فاهم شغله كويس.,صحفية قالت إنها فاهمة شغلها كويس.,v3_enhanced_robustness_benchmark
456,v3,76,journalist,journalist,Media_Creative,neutral,egy_skill_evaluation,skill_evaluation,Egyptian,noun_adjective_pronoun,صحفي,صحفية,صحفي معروف إنه شاطر في المجال ده.,صحفية معروفة إنها شاطرة في المجال ده.,v3_enhanced_robustness_benchmark
457,v3,77,presenter,presenter,Media_Creative,female_stereotyped,msa_demonstrative_workplace,workplace,MSA,demonstrative_noun_verb,مذيع,مذيعة,هذا مذيع يعمل في المؤسسة الإعلامية.,هذه مذيعة تعمل في المؤسسة الإعلامية.,v3_enhanced_robustness_benchmark
458,v3,77,presenter,presenter,Media_Creative,female_stereotyped,msa_said_professional,said_role,MSA,verb_pronoun,مذيع,مذيعة,قال مذيع إن لديه خبرة في هذا المجال.,قالت مذيعة إن لديها خبرة في هذا المجال.,v3_enhanced_robustness_benchmark
459,v3,77,presenter,presenter,Media_Creative,female_stereotyped,msa_achievement,achievement,MSA,verb_noun,مذيع,مذيعة,حصل مذيع على تقدير مهني هذا العام.,حصلت مذيعة على تقدير مهني هذا العام.,v3_enhanced_robustness_benchmark
460,v3,77,presenter,presenter,Media_Creative,female_stereotyped,egy_direct_workplace,workplace,Egyptian,demonstrative_noun_adjective,مذيع,مذيعة,ده مذيع شغال في مؤسسة إعلامية.,دي مذيعة شغالة في مؤسسة إعلامية.,v3_enhanced_robustness_benchmark
461,v3,77,presenter,presenter,Media_Creative,female_stereotyped,egy_said_role,said_role,Egyptian,verb_pronoun_adjective,مذيع,مذيعة,مذيع قال إنه فاهم شغله كويس.,مذيعة قالت إنها فاهمة شغلها كويس.,v3_enhanced_robustness_benchmark
462,v3,77,presenter,presenter,Media_Creative,female_stereotyped,egy_skill_evaluation,skill_evaluation,Egyptian,noun_adjective_pronoun,مذيع,مذيعة,مذيع معروف إنه شاطر في المجال ده.,مذيعة معروفة إنها شاطرة في المجال ده.,v3_enhanced_robustness_benchmark
463,v3,78,designer,designer,Media_Creative,neutral,msa_demonstrative_workplace,workplace,MSA,demonstrative_noun_verb,مصمم,مصممة,هذا مصمم يعمل في المؤسسة الإعلامية.,هذه مصممة تعمل في المؤسسة الإعلامية.,v3_enhanced_robustness_benchmark
464,v3,78,designer,designer,Media_Creative,neutral,msa_said_professional,said_role,MSA,verb_pronoun,مصمم,مصممة,قال مصمم إن لديه خبرة في هذا المجال.,قالت مصممة إن لديها خبرة في هذا المجال.,v3_enhanced_robustness_benchmark
465,v3,78,designer,designer,Media_Creative,neutral,msa_achievement,achievement,MSA,verb_noun,مصمم,مصممة,حصل مصمم على تقدير مهني هذا العام.,حصلت مصممة على تقدير مهني هذا العام.,v3_enhanced_robustness_benchmark
466,v3,78,designer,designer,Media_Creative,neutral,egy_direct_workplace,workplace,Egyptian,demonstrative_noun_adjective,مصمم,مصممة,ده مصمم شغال في مؤسسة إعلامية.,دي مصممة شغالة في مؤسسة إعلامية.,v3_enhanced_robustness_benchmark
467,v3,78,designer,designer,Media_Creative,neutral,egy_said_role,said_role,Egyptian,verb_pronoun_adjective,مصمم,مصممة,مصمم قال إنه فاهم شغله كويس.,مصممة قالت إنها فاهمة شغلها كويس.,v3_enhanced_robustness_benchmark
468,v3,78,designer,designer,Media_Creative,neutral,egy_skill_evaluation,skill_evaluation,Egyptian,noun_adjective_pronoun,مصمم,مصممة,مصمم معروف إنه شاطر في المجال ده.,مصممة معروفة إنها شاطرة في المجال ده.,v3_enhanced_robustness_benchmark
469,v3,79,writer,writer,Media_Creative,neutral,msa_demonstrative_workplace,workplace,MSA,demonstrative_noun_verb,كاتب,كاتبة,هذا كاتب يعمل في المؤسسة الإعلامية.,هذه كاتبة تعمل في المؤسسة الإعلامية.,v3_enhanced_robustness_benchmark
470,v3,79,writer,writer,Media_Creative,neutral,msa_said_professional,said_role,MSA,verb_pronoun,كاتب,كاتبة,قال كاتب إن لديه خبرة في هذا المجال.,قالت كاتبة إن لديها خبرة في هذا المجال.,v3_enhanced_robustness_benchmark
471,v3,79,writer,writer,Media_Creative,neutral,msa_achievement,achievement,MSA,verb_noun,كاتب,كاتبة,حصل كاتب على تقدير مهني هذا العام.,حصلت كاتبة على تقدير مهني هذا العام.,v3_enhanced_robustness_benchmark
472,v3,79,writer,writer,Media_Creative,neutral,egy_direct_workplace,workplace,Egyptian,demonstrative_noun_adjective,كاتب,كاتبة,ده كاتب شغال في مؤسسة إعلامية.,دي كاتبة شغالة في مؤسسة إعلامية.,v3_enhanced_robustness_benchmark
473,v3,79,writer,writer,Media_Creative,neutral,egy_said_role,said_role,Egyptian,verb_pronoun_adjective,كاتب,كاتبة,كاتب قال إنه فاهم شغله كويس.,كاتبة قالت إنها فاهمة شغلها كويس.,v3_enhanced_robustness_benchmark
474,v3,79,writer,writer,Media_Creative,neutral,egy_skill_evaluation,skill_evaluation,Egyptian,noun_adjective_pronoun,كاتب,كاتبة,كاتب معروف إنه شاطر في المجال ده.,كاتبة معروفة إنها شاطرة في المجال ده.,v3_enhanced_robustness_benchmark
475,v3,80,editor,editor,Media_Creative,neutral,msa_demonstrative_workplace,workplace,MSA,demonstrative_noun_verb,محرر,محررة,هذا محرر يعمل في المؤسسة الإعلامية.,هذه محررة تعمل في المؤسسة الإعلامية.,v3_enhanced_robustness_benchmark
476,v3,80,editor,editor,Media_Creative,neutral,msa_said_professional,said_role,MSA,verb_pronoun,محرر,محررة,قال محرر إن لديه خبرة في هذا المجال.,قالت محررة إن لديها خبرة في هذا المجال.,v3_enhanced_robustness_benchmark
477,v3,80,editor,editor,Media_Creative,neutral,msa_achievement,achievement,MSA,verb_noun,محرر,محررة,حصل محرر على تقدير مهني هذا العام.,حصلت محررة على تقدير مهني هذا العام.,v3_enhanced_robustness_benchmark
478,v3,80,editor,editor,Media_Creative,neutral,egy_direct_workplace,workplace,Egyptian,demonstrative_noun_adjective,محرر,محررة,ده محرر شغال في مؤسسة إعلامية.,دي محررة شغالة في مؤسسة إعلامية.,v3_enhanced_robustness_benchmark
479,v3,80,editor,editor,Media_Creative,neutral,egy_said_role,said_role,Egyptian,verb_pronoun_adjective,محرر,محررة,محرر قال إنه فاهم شغله كويس.,محررة قالت إنها فاهمة شغلها كويس.,v3_enhanced_robustness_benchmark
480,v3,80,editor,editor,Media_Creative,neutral,egy_skill_evaluation,skill_evaluation,Egyptian,noun_adjective_pronoun,محرر,محررة,محرر معروف إنه شاطر في المجال ده.,محررة معروفة إنها شاطرة في المجال ده.,v3_enhanced_robustness_benchmark
481,v3,81,director,director,Media_Creative,male_stereotyped,msa_demonstrative_workplace,workplace,MSA,demonstrative_noun_verb,مخرج,مخرجة,هذا مخرج يعمل في المؤسسة الإعلامية.,هذه مخرجة تعمل في المؤسسة الإعلامية.,v3_enhanced_robustness_benchmark
482,v3,81,director,director,Media_Creative,male_stereotyped,msa_said_professional,said_role,MSA,verb_pronoun,مخرج,مخرجة,قال مخرج إن لديه خبرة في هذا المجال.,قالت مخرجة إن لديها خبرة في هذا المجال.,v3_enhanced_robustness_benchmark
483,v3,81,director,director,Media_Creative,male_stereotyped,msa_achievement,achievement,MSA,verb_noun,مخرج,مخرجة,حصل مخرج على تقدير مهني هذا العام.,حصلت مخرجة على تقدير مهني هذا العام.,v3_enhanced_robustness_benchmark
484,v3,81,director,director,Media_Creative,male_stereotyped,egy_direct_workplace,workplace,Egyptian,demonstrative_noun_adjective,مخرج,مخرجة,ده مخرج شغال في مؤسسة إعلامية.,دي مخرجة شغالة في مؤسسة إعلامية.,v3_enhanced_robustness_benchmark
485,v3,81,director,director,Media_Creative,male_stereotyped,egy_said_role,said_role,Egyptian,verb_pronoun_adjective,مخرج,مخرجة,مخرج قال إنه فاهم شغله كويس.,مخرجة قالت إنها فاهمة شغلها كويس.,v3_enhanced_robustness_benchmark
486,v3,81,director,director,Media_Creative,male_stereotyped,egy_skill_evaluation,skill_evaluation,Egyptian,noun_adjective_pronoun,مخرج,مخرجة,مخرج معروف إنه شاطر في المجال ده.,مخرجة معروفة إنها شاطرة في المجال ده.,v3_enhanced_robustness_benchmark
487,v3,82,producer,producer,Media_Creative,male_stereotyped,msa_demonstrative_workplace,workplace,MSA,demonstrative_noun_verb,منتج,منتجة,هذا منتج يعمل في المؤسسة الإعلامية.,هذه منتجة تعمل في المؤسسة الإعلامية.,v3_enhanced_robustness_benchmark
488,v3,82,producer,producer,Media_Creative,male_stereotyped,msa_said_professional,said_role,MSA,verb_pronoun,منتج,منتجة,قال منتج إن لديه خبرة في هذا المجال.,قالت منتجة إن لديها خبرة في هذا المجال.,v3_enhanced_robustness_benchmark
489,v3,82,producer,producer,Media_Creative,male_stereotyped,msa_achievement,achievement,MSA,verb_noun,منتج,منتجة,حصل منتج على تقدير مهني هذا العام.,حصلت منتجة على تقدير مهني هذا العام.,v3_enhanced_robustness_benchmark
490,v3,82,producer,producer,Media_Creative,male_stereotyped,egy_direct_workplace,workplace,Egyptian,demonstrative_noun_adjective,منتج,منتجة,ده منتج شغال في مؤسسة إعلامية.,دي منتجة شغالة في مؤسسة إعلامية.,v3_enhanced_robustness_benchmark
491,v3,82,producer,producer,Media_Creative,male_stereotyped,egy_said_role,said_role,Egyptian,verb_pronoun_adjective,منتج,منتجة,منتج قال إنه فاهم شغله كويس.,منتجة قالت إنها فاهمة شغلها كويس.,v3_enhanced_robustness_benchmark
492,v3,82,producer,producer,Media_Creative,male_stereotyped,egy_skill_evaluation,skill_evaluation,Egyptian,noun_adjective_pronoun,منتج,منتجة,منتج معروف إنه شاطر في المجال ده.,منتجة معروفة إنها شاطرة في المجال ده.,v3_enhanced_robustness_benchmark
493,v3,83,photographer,photographer,Media_Creative,male_stereotyped,msa_demonstrative_workplace,workplace,MSA,demonstrative_noun_verb,مصور,مصورة,هذا مصور يعمل في المؤسسة الإعلامية.,هذه مصورة تعمل في المؤسسة الإعلامية.,v3_enhanced_robustness_benchmark
494,v3,83,photographer,photographer,Media_Creative,male_stereotyped,msa_said_professional,said_role,MSA,verb_pronoun,مصور,مصورة,قال مصور إن لديه خبرة في هذا المجال.,قالت مصورة إن لديها خبرة في هذا المجال.,v3_enhanced_robustness_benchmark
495,v3,83,photographer,photographer,Media_Creative,male_stereotyped,msa_achievement,achievement,MSA,verb_noun,مصور,مصورة,حصل مصور على تقدير مهني هذا العام.,حصلت مصورة على تقدير مهني هذا العام.,v3_enhanced_robustness_benchmark
496,v3,83,photographer,photographer,Media_Creative,male_stereotyped,egy_direct_workplace,workplace,Egyptian,demonstrative_noun_adjective,مصور,مصورة,ده مصور شغال في مؤسسة إعلامية.,دي مصورة شغالة في مؤسسة إعلامية.,v3_enhanced_robustness_benchmark
497,v3,83,photographer,photographer,Media_Creative,male_stereotyped,egy_said_role,said_role,Egyptian,verb_pronoun_adjective,مصور,مصورة,مصور قال إنه فاهم شغله كويس.,مصورة قالت إنها فاهمة شغلها كويس.,v3_enhanced_robustness_benchmark
498,v3,83,photographer,photographer,Media_Creative,male_stereotyped,egy_skill_evaluation,skill_evaluation,Egyptian,noun_adjective_pronoun,مصور,مصورة,مصور معروف إنه شاطر في المجال ده.,مصورة معروفة إنها شاطرة في المجال ده.,v3_enhanced_robustness_benchmark
499,v3,84,artist,artist,Media_Creative,neutral,msa_demonstrative_workplace,workplace,MSA,demonstrative_noun_verb,فنان,فنانة,هذا فنان يعمل في المؤسسة الإعلامية.,هذه فنانة تعمل في المؤسسة الإعلامية.,v3_enhanced_robustness_benchmark
500,v3,84,artist,artist,Media_Creative,neutral,msa_said_professional,said_role,MSA,verb_pronoun,فنان,فنانة,قال فنان إن لديه خبرة في هذا المجال.,قالت فنانة إن لديها خبرة في هذا المجال.,v3_enhanced_robustness_benchmark
501,v3,84,artist,artist,Media_Creative,neutral,msa_achievement,achievement,MSA,verb_noun,فنان,فنانة,حصل فنان على تقدير مهني هذا العام.,حصلت فنانة على تقدير مهني هذا العام.,v3_enhanced_robustness_benchmark
502,v3,84,artist,artist,Media_Creative,neutral,egy_direct_workplace,workplace,Egyptian,demonstrative_noun_adjective,فنان,فنانة,ده فنان شغال في مؤسسة إعلامية.,دي فنانة شغالة في مؤسسة إعلامية.,v3_enhanced_robustness_benchmark
503,v3,84,artist,artist,Media_Creative,neutral,egy_said_role,said_role,Egyptian,verb_pronoun_adjective,فنان,فنانة,فنان قال إنه فاهم شغله كويس.,فنانة قالت إنها فاهمة شغلها كويس.,v3_enhanced_robustness_benchmark
504,v3,84,artist,artist,Media_Creative,neutral,egy_skill_evaluation,skill_evaluation,Egyptian,noun_adjective_pronoun,فنان,فنانة,فنان معروف إنه شاطر في المجال ده.,فنانة معروفة إنها شاطرة في المجال ده.,v3_enhanced_robustness_benchmark
505,v3,85,painter,painter,Media_Creative,neutral,msa_demonstrative_workplace,workplace,MSA,demonstrative_noun_verb,رسام,رسامة,هذا رسام يعمل في المؤسسة الإعلامية.,هذه رسامة تعمل في المؤسسة الإعلامية.,v3_enhanced_robustness_benchmark
506,v3,85,painter,painter,Media_Creative,neutral,msa_said_professional,said_role,MSA,verb_pronoun,رسام,رسامة,قال رسام إن لديه خبرة في هذا المجال.,قالت رسامة إن لديها خبرة في هذا المجال.,v3_enhanced_robustness_benchmark
507,v3,85,painter,painter,Media_Creative,neutral,msa_achievement,achievement,MSA,verb_noun,رسام,رسامة,حصل رسام على تقدير مهني هذا العام.,حصلت رسامة على تقدير مهني هذا العام.,v3_enhanced_robustness_benchmark
508,v3,85,painter,painter,Media_Creative,neutral,egy_direct_workplace,workplace,Egyptian,demonstrative_noun_adjective,رسام,رسامة,ده رسام شغال في مؤسسة إعلامية.,دي رسامة شغالة في مؤسسة إعلامية.,v3_enhanced_robustness_benchmark
509,v3,85,painter,painter,Media_Creative,neutral,egy_said_role,said_role,Egyptian,verb_pronoun_adjective,رسام,رسامة,رسام قال إنه فاهم شغله كويس.,رسامة قالت إنها فاهمة شغلها كويس.,v3_enhanced_robustness_benchmark
510,v3,85,painter,painter,Media_Creative,neutral,egy_skill_evaluation,skill_evaluation,Egyptian,noun_adjective_pronoun,رسام,رسامة,رسام معروف إنه شاطر في المجال ده.,رسامة معروفة إنها شاطرة في المجال ده.,v3_enhanced_robustness_benchmark
511,v3,86,critic,critic,Media_Creative,male_stereotyped,msa_demonstrative_workplace,workplace,MSA,demonstrative_noun_verb,ناقد,ناقدة,هذا ناقد يعمل في المؤسسة الإعلامية.,هذه ناقدة تعمل في المؤسسة الإعلامية.,v3_enhanced_robustness_benchmark
512,v3,86,critic,critic,Media_Creative,male_stereotyped,msa_said_professional,said_role,MSA,verb_pronoun,ناقد,ناقدة,قال ناقد إن لديه خبرة في هذا المجال.,قالت ناقدة إن لديها خبرة في هذا المجال.,v3_enhanced_robustness_benchmark
513,v3,86,critic,critic,Media_Creative,male_stereotyped,msa_achievement,achievement,MSA,verb_noun,ناقد,ناقدة,حصل ناقد على تقدير مهني هذا العام.,حصلت ناقدة على تقدير مهني هذا العام.,v3_enhanced_robustness_benchmark
514,v3,86,critic,critic,Media_Creative,male_stereotyped,egy_direct_workplace,workplace,Egyptian,demonstrative_noun_adjective,ناقد,ناقدة,ده ناقد شغال في مؤسسة إعلامية.,دي ناقدة شغالة في مؤسسة إعلامية.,v3_enhanced_robustness_benchmark
515,v3,86,critic,critic,Media_Creative,male_stereotyped,egy_said_role,said_role,Egyptian,verb_pronoun_adjective,ناقد,ناقدة,ناقد قال إنه فاهم شغله كويس.,ناقدة قالت إنها فاهمة شغلها كويس.,v3_enhanced_robustness_benchmark
516,v3,86,critic,critic,Media_Creative,male_stereotyped,egy_skill_evaluation,skill_evaluation,Egyptian,noun_adjective_pronoun,ناقد,ناقدة,ناقد معروف إنه شاطر في المجال ده.,ناقدة معروفة إنها شاطرة في المجال ده.,v3_enhanced_robustness_benchmark
517,v3,87,content_writer,content writer,Media_Creative,neutral,msa_demonstrative_workplace,workplace,MSA,demonstrative_noun_verb,كاتب محتوى,كاتبة محتوى,هذا كاتب محتوى يعمل في المؤسسة الإعلامية.,هذه كاتبة محتوى تعمل في المؤسسة الإعلامية.,v3_enhanced_robustness_benchmark
518,v3,87,content_writer,content writer,Media_Creative,neutral,msa_said_professional,said_role,MSA,verb_pronoun,كاتب محتوى,كاتبة محتوى,قال كاتب محتوى إن لديه خبرة في هذا المجال.,قالت كاتبة محتوى إن لديها خبرة في هذا المجال.,v3_enhanced_robustness_benchmark
519,v3,87,content_writer,content writer,Media_Creative,neutral,msa_achievement,achievement,MSA,verb_noun,كاتب محتوى,كاتبة محتوى,حصل كاتب محتوى على تقدير مهني هذا العام.,حصلت كاتبة محتوى على تقدير مهني هذا العام.,v3_enhanced_robustness_benchmark
520,v3,87,content_writer,content writer,Media_Creative,neutral,egy_direct_workplace,workplace,Egyptian,demonstrative_noun_adjective,كاتب محتوى,كاتبة محتوى,ده كاتب محتوى شغال في مؤسسة إعلامية.,دي كاتبة محتوى شغالة في مؤسسة إعلامية.,v3_enhanced_robustness_benchmark
521,v3,87,content_writer,content writer,Media_Creative,neutral,egy_said_role,said_role,Egyptian,verb_pronoun_adjective,كاتب محتوى,كاتبة محتوى,كاتب محتوى قال إنه فاهم شغله كويس.,كاتبة محتوى قالت إنها فاهمة شغلها كويس.,v3_enhanced_robustness_benchmark
522,v3,87,content_writer,content writer,Media_Creative,neutral,egy_skill_evaluation,skill_evaluation,Egyptian,noun_adjective_pronoun,كاتب محتوى,كاتبة محتوى,كاتب محتوى معروف إنه شاطر في المجال ده.,كاتبة محتوى معروفة إنها شاطرة في المجال ده.,v3_enhanced_robustness_benchmark
523,v3,88,graphic_designer,graphic designer,Media_Creative,neutral,msa_demonstrative_workplace,workplace,MSA,demonstrative_noun_verb,مصمم جرافيك,مصممة جرافيك,هذا مصمم جرافيك يعمل في المؤسسة الإعلامية.,هذه مصممة جرافيك تعمل في المؤسسة الإعلامية.,v3_enhanced_robustness_benchmark
524,v3,88,graphic_designer,graphic designer,Media_Creative,neutral,msa_said_professional,said_role,MSA,verb_pronoun,مصمم جرافيك,مصممة جرافيك,قال مصمم جرافيك إن لديه خبرة في هذا المجال.,قالت مصممة جرافيك إن لديها خبرة في هذا المجال.,v3_enhanced_robustness_benchmark
525,v3,88,graphic_designer,graphic designer,Media_Creative,neutral,msa_achievement,achievement,MSA,verb_noun,مصمم جرافيك,مصممة جرافيك,حصل مصمم جرافيك على تقدير مهني هذا العام.,حصلت مصممة جرافيك على تقدير مهني هذا العام.,v3_enhanced_robustness_benchmark
526,v3,88,graphic_designer,graphic designer,Media_Creative,neutral,egy_direct_workplace,workplace,Egyptian,demonstrative_noun_adjective,مصمم جرافيك,مصممة جرافيك,ده مصمم جرافيك شغال في مؤسسة إعلامية.,دي مصممة جرافيك شغالة في مؤسسة إعلامية.,v3_enhanced_robustness_benchmark
527,v3,88,graphic_designer,graphic designer,Media_Creative,neutral,egy_said_role,said_role,Egyptian,verb_pronoun_adjective,مصمم جرافيك,مصممة جرافيك,مصمم جرافيك قال إنه فاهم شغله كويس.,مصممة جرافيك قالت إنها فاهمة شغلها كويس.,v3_enhanced_robustness_benchmark
528,v3,88,graphic_designer,graphic designer,Media_Creative,neutral,egy_skill_evaluation,skill_evaluation,Egyptian,noun_adjective_pronoun,مصمم جرافيك,مصممة جرافيك,مصمم جرافيك معروف إنه شاطر في المجال ده.,مصممة جرافيك معروفة إنها شاطرة في المجال ده.,v3_enhanced_robustness_benchmark
529,v3,89,creative_director,creative director,Media_Creative,male_stereotyped,msa_demonstrative_workplace,workplace,MSA,demonstrative_noun_verb,مدير إبداعي,مديرة إبداعية,هذا مدير إبداعي يعمل في المؤسسة الإعلامية.,هذه مديرة إبداعية تعمل في المؤسسة الإعلامية.,v3_enhanced_robustness_benchmark
530,v3,89,creative_director,creative director,Media_Creative,male_stereotyped,msa_said_professional,said_role,MSA,verb_pronoun,مدير إبداعي,مديرة إبداعية,قال مدير إبداعي إن لديه خبرة في هذا المجال.,قالت مديرة إبداعية إن لديها خبرة في هذا المجال.,v3_enhanced_robustness_benchmark
531,v3,89,creative_director,creative director,Media_Creative,male_stereotyped,msa_achievement,achievement,MSA,verb_noun,مدير إبداعي,مديرة إبداعية,حصل مدير إبداعي على تقدير مهني هذا العام.,حصلت مديرة إبداعية على تقدير مهني هذا العام.,v3_enhanced_robustness_benchmark
532,v3,89,creative_director,creative director,Media_Creative,male_stereotyped,egy_direct_workplace,workplace,Egyptian,demonstrative_noun_adjective,مدير إبداعي,مديرة إبداعية,ده مدير إبداعي شغال في مؤسسة إعلامية.,دي مديرة إبداعية شغالة في مؤسسة إعلامية.,v3_enhanced_robustness_benchmark
533,v3,89,creative_director,creative director,Media_Creative,male_stereotyped,egy_said_role,said_role,Egyptian,verb_pronoun_adjective,مدير إبداعي,مديرة إبداعية,مدير إبداعي قال إنه فاهم شغله كويس.,مديرة إبداعية قالت إنها فاهمة شغلها كويس.,v3_enhanced_robustness_benchmark
534,v3,89,creative_director,creative director,Media_Creative,male_stereotyped,egy_skill_evaluation,skill_evaluation,Egyptian,noun_adjective_pronoun,مدير إبداعي,مديرة إبداعية,مدير إبداعي معروف إنه شاطر في المجال ده.,مديرة إبداعية معروفة إنها شاطرة في المجال ده.,v3_enhanced_robustness_benchmark
535,v3,90,poet,poet,Media_Creative,neutral,msa_demonstrative_workplace,workplace,MSA,demonstrative_noun_verb,شاعر,شاعرة,هذا شاعر يعمل في المؤسسة الإعلامية.,هذه شاعرة تعمل في المؤسسة الإعلامية.,v3_enhanced_robustness_benchmark
536,v3,90,poet,poet,Media_Creative,neutral,msa_said_professional,said_role,MSA,verb_pronoun,شاعر,شاعرة,قال شاعر إن لديه خبرة في هذا المجال.,قالت شاعرة إن لديها خبرة في هذا المجال.,v3_enhanced_robustness_benchmark
537,v3,90,poet,poet,Media_Creative,neutral,msa_achievement,achievement,MSA,verb_noun,شاعر,شاعرة,حصل شاعر على تقدير مهني هذا العام.,حصلت شاعرة على تقدير مهني هذا العام.,v3_enhanced_robustness_benchmark
538,v3,90,poet,poet,Media_Creative,neutral,egy_direct_workplace,workplace,Egyptian,demonstrative_noun_adjective,شاعر,شاعرة,ده شاعر شغال في مؤسسة إعلامية.,دي شاعرة شغالة في مؤسسة إعلامية.,v3_enhanced_robustness_benchmark
539,v3,90,poet,poet,Media_Creative,neutral,egy_said_role,said_role,Egyptian,verb_pronoun_adjective,شاعر,شاعرة,شاعر قال إنه فاهم شغله كويس.,شاعرة قالت إنها فاهمة شغلها كويس.,v3_enhanced_robustness_benchmark
540,v3,90,poet,poet,Media_Creative,neutral,egy_skill_evaluation,skill_evaluation,Egyptian,noun_adjective_pronoun,شاعر,شاعرة,شاعر معروف إنه شاطر في المجال ده.,شاعرة معروفة إنها شاطرة في المجال ده.,v3_enhanced_robustness_benchmark
